z_LCDM,fs8_LCDM_curve,delta_LCDM,f_LCDM,z_GEO_CLASS,fs8_GEO_CLASS_curve,delta_GEO_CLASS,f_GEO_CLASS
2.2,0.17495771420486553,1e-05,0.9999998512415336,2.2,0.3947256085707963,1e-05,0.9996586037428676
2.198165137614679,0.17505806546936178,1.0005737233799182e-05,0.999999702338755,2.198165137614679,0.3948172469203196,1.0005735275420886e-05,0.9993175454419543
2.196330275229358,0.17515850577922806,1.0011481052836735e-05,0.9999994042082108,2.196330275229358,0.39477405646582425,1.0011473214216442e-05,0.9986355440487387
2.194495412844037,0.17525906137409694,1.001723146845533e-05,0.9999991056938597,2.194495412844037,0.39473090794796595,1.001721382005441e-05,0.9979541642896947
2.192660550458716,0.1753597324807407,1.0022988492024665e-05,0.999998806955773,2.192660550458716,0.39468780148425836,1.0022957096610546e-05,0.997273405571832
2.1908256880733945,0.17546051932200024,1.0028752134941464e-05,0.9999985081285558,2.1908256880733945,0.3946447371876686,1.0028703047568626e-05,0.9965932672912459
2.1889908256880735,0.17556142212379788,1.0034522408629467e-05,0.9999982093613653,2.1889908256880735,0.39460171517381054,1.0034451676620428e-05,0.9959137488513079
2.1871559633027524,0.1756624411042812,1.0040299324539449e-05,0.9999979107560648,2.1871559633027524,0.39455873555157844,1.0040202987465753e-05,0.9952348496390186
2.1853211009174314,0.17576357648466928,1.0046082894149207e-05,0.9999976124290697,2.1853211009174314,0.39451579843467194,1.0045956983812415e-05,0.9945565690541116
2.1834862385321103,0.17586482848094295,1.0051873128963564e-05,0.9999973144640535,2.1834862385321103,0.39447290392933626,1.0051713669376241e-05,0.9938789064781304
2.1816513761467893,0.1759661973079893,1.0057670040514368e-05,0.9999970169355947,2.1816513761467893,0.3944300521444542,1.0057473047881071e-05,0.9932018612998945
2.1798165137614682,0.17606768318087823,1.0063473640360492e-05,0.999996719916453,2.1798165137614682,0.39438724319010765,1.0063235123058759e-05,0.9925254329118616
2.1779816513761467,0.17616928631037557,1.0069283940087833e-05,0.999996423452103,2.1779816513761467,0.39434447716745646,1.0068999898649175e-05,0.9918496206846612
2.1761467889908257,0.1762710069058146,1.0075100951309318e-05,0.9999961275771057,2.1761467889908257,0.394301754183185,1.00747673784002e-05,0.991174424003475
2.1743119266055047,0.1763728451744491,1.0080924685664891e-05,0.9999958323114697,2.1743119266055047,0.39425907433648527,1.0080537566067733e-05,0.9904998422352946
2.1724770642201836,0.1764748013236931,1.008675515482153e-05,0.9999955376733851,2.1724770642201836,0.3942164377364221,1.0086310465415684e-05,0.9898258747725777
2.1706422018348626,0.17657687555630186,1.0092592370473235e-05,0.9999952436519379,2.1706422018348626,0.3941738444773162,1.0092086080215976e-05,0.9891525209714018
2.1688073394495415,0.17667906807485662,1.009843634434103e-05,0.9999949502325762,2.1688073394495415,0.3941312946597344,1.009786441424855e-05,0.9884797802042158
2.1669724770642205,0.17678137907983305,1.0104287088172964e-05,0.9999946573861962,2.1669724770642205,0.39408878838252576,1.0103645471301357e-05,0.9878076518398302
2.1651376146788994,0.17688380876895038,1.0110144613744112e-05,0.9999943650655041,2.1651376146788994,0.3940463257428157,1.0109429255170364e-05,0.9871361352434178
2.1633027522935784,0.17698635733812795,1.011600893285658e-05,0.9999940732104733,2.1633027522935784,0.39400390683382186,1.0115215769659552e-05,0.9864652297710563
2.161467889908257,0.17708902498276682,1.012188005733949e-05,0.9999937817556201,2.161467889908257,0.3939615317513856,1.0121005018580918e-05,0.9857949347860995
2.159633027522936,0.17719181189516883,1.0127757999048992e-05,0.9999934906154522,2.159633027522936,0.3939192005896146,1.0126797005754467e-05,0.985125249648263
2.157798165137615,0.17729471826678336,1.0133642769868265e-05,0.9999931996972009,2.157798165137615,0.3938769134365118,1.013259173500822e-05,0.9844561737027107
2.1559633027522938,0.17739774428465405,1.0139534381707512e-05,0.999992908880813,2.1559633027522938,0.39383467038560915,1.013838921017822e-05,0.9837877063091582
2.1541284403669727,0.17750089013818504,1.0145432846503959e-05,0.9999926180571492,2.1541284403669727,0.3937924715235964,1.0144189435108513e-05,0.9831198468109505
2.1522935779816517,0.1776041560110697,1.0151338176221858e-05,0.9999923270825093,2.1522935779816517,0.39375031694050844,1.0149992413651165e-05,0.9824525945605274
2.1504587155963306,0.17770754208547518,1.0157250382852489e-05,0.9999920358022791,2.1504587155963306,0.39370820672171053,1.0155798149666253e-05,0.9817859488994145
2.148623853211009,0.1778111094912207,1.0163169478414156e-05,0.9999920868231129,2.148623853211009,0.39366614095299485,1.0161606647021874e-05,0.9811199091709568
2.146788990825688,0.1779151409997978,1.0169095479017003e-05,0.9999940673151286,2.146788990825688,0.3936242012495675,1.0167417909594128e-05,0.9804546777959331
2.144954128440367,0.17801959858271485,1.0175028415589116e-05,0.9999977572442731,2.144954128440367,0.39358256161384586,1.0173231943677898e-05,0.9797906864896504
2.143119266055046,0.17812418435755334,1.0180968301749328e-05,1.0000014799443306,2.143119266055046,0.3935411366619251,1.0179048758309419e-05,0.9791277203657955
2.141284403669725,0.17822886124037146,1.018691514864244e-05,1.0000050261860451,2.141284403669725,0.39349974198161536,1.0184868357276502e-05,0.978465319292809
2.139449541284404,0.17833362997293623,1.0192868967457552e-05,1.000008399332728,2.139449541284404,0.3934583715278392,1.0190690744187813e-05,0.9778034674764058
2.137614678899083,0.17843849128965364,1.0198829769428059e-05,1.00001160269494,2.137614678899083,0.3934170257580468,1.0196515922665238e-05,0.9771421653076686
2.135779816513762,0.17854344592566407,1.0204797565831657e-05,1.0000146395759657,2.135779816513762,0.39337570513860387,1.0202343896343887e-05,0.9764814131976891
2.1339449541284408,0.17864849461229285,1.0210772367990344e-05,1.0000175132463482,2.1339449541284408,0.3933344101294161,1.020817466887209e-05,0.975821211539369
2.1321100917431193,0.17875363807638642,1.0216754187270415e-05,1.0000202269402507,2.1321100917431193,0.3932931411890443,1.02140082439114e-05,0.9751615607201529
2.1302752293577982,0.17885887704257447,1.0222743035082462e-05,1.0000227838681894,2.1302752293577982,0.393251898771026,1.021984462513659e-05,0.9745024611129338
2.128440366972477,0.17896421223130804,1.022873892288138e-05,1.0000251872061199,2.128440366972477,0.3932106833326729,1.0225683816235656e-05,0.9738439130978804
2.126605504587156,0.17906964436307926,1.0234741862166359e-05,1.0000274401190836,2.126605504587156,0.39316949532478995,1.0231525820909816e-05,0.9731859170369717
2.124770642201835,0.17917517415124928,1.024075186448089e-05,1.0000295457211905,2.124770642201835,0.3931283351968004,1.0237370642873507e-05,0.9725284732867294
2.122935779816514,0.1792808023075688,1.0246768941412766e-05,1.0000315071065415,2.122935779816514,0.39308720339674047,1.0243218285854392e-05,0.9718715821982187
2.121100917431193,0.17938652954249748,1.0252793104594077e-05,1.0000333273510478,2.121100917431193,0.3930461003705148,1.0249068753593354e-05,0.9712152441152284
2.1192660550458715,0.17949235656160628,1.0258824365701208e-05,1.0000350094924215,2.1192660550458715,0.3930050265611519,1.0254922049844495e-05,0.9705594593724527
2.1174311926605505,0.17959828406654113,1.026486273645485e-05,1.0000365565356333,2.1174311926605505,0.39296398240879293,1.026077817837514e-05,0.9699042282954906
2.1155963302752294,0.17970431275762397,1.0270908228619987e-05,1.0000379714674636,2.1155963302752294,0.39292296835657975,1.0266637142965838e-05,0.9692495512153982
2.1137614678899084,0.17981044333319243,1.0276960854005906e-05,1.0000392572528654,2.1137614678899084,0.3928819848410692,1.0272498947410358e-05,0.9685954284450418
2.1119266055045873,0.17991667648370113,1.0283020624466193e-05,1.0000404168022214,2.1119266055045873,0.39284103229294975,1.027836359551569e-05,0.9679418602809164
2.1100917431192663,0.1800230129005375,1.0289087551898732e-05,1.000041453020458,2.1100917431192663,0.39280011115253366,1.0284231091102046e-05,0.9672888470413454
2.1082568807339452,0.18012945327209004,1.0295161648245706e-05,1.0000423687852162,2.1082568807339452,0.3927592218439143,1.0290101438002862e-05,0.9666363890028151
2.106422018348624,0.18023599828177078,1.0301242925493598e-05,1.0000431669359386,2.106422018348624,0.39271836480006,1.0295974640064793e-05,0.9659844864618208
2.104587155963303,0.1803426486106221,1.0307331395673186e-05,1.0000438502884208,2.104587155963303,0.39267754044803793,1.0301850701147716e-05,0.9653331396984868
2.1027522935779817,0.1804494049369795,1.0313427070859557e-05,1.0000444216329925,2.1027522935779817,0.3926367492097357,1.030772962512473e-05,0.9646823489783856
2.1009174311926606,0.1805562679351475,1.0319529963172085e-05,1.0000448837272415,2.1009174311926606,0.39259599151147295,1.0313611415882156e-05,0.9640321145761845
2.0990825688073396,0.180663238277357,1.032564008477445e-05,1.0000452393069281,2.0990825688073396,0.392555267772153,1.0319496077319535e-05,0.9633824367465422
2.0972477064220185,0.1807703166317844,1.0331757447874631e-05,1.0000454910750705,2.0972477064220185,0.392514578409172,1.0325383613349633e-05,0.9627333157386602
2.0954128440366975,0.1808775036648398,1.0337882064724905e-05,1.000045641714678,2.0954128440366975,0.39247392384137963,1.0331274027898434e-05,0.9620847518035589
2.0935779816513764,0.1809848000381971,1.0344013947621847e-05,1.00004569387238,2.0935779816513764,0.3924333044816566,1.0337167324905148e-05,0.9614367451758881
2.0917431192660554,0.18109220641240087,1.0350153108906334e-05,1.0000456501784356,2.0917431192660554,0.39239272074283793,1.0343063508322201e-05,0.9607892960884783
2.089908256880734,0.1811997234415872,1.0356299560963541e-05,1.0000455132176285,2.089908256880734,0.3923521730347369,1.0348962582115248e-05,0.9601424047650653
2.088073394495413,0.18130735178071752,1.0362453316222936e-05,1.0000452855692856,2.088073394495413,0.3923116617648779,1.0354864550263156e-05,0.9594960714221088
2.086238532110092,0.18141509207996956,1.0368614387158299e-05,1.0000449697763543,2.086238532110092,0.3922711873399755,1.0360769416758024e-05,0.9588502962724306
2.0844036697247708,0.18152294498505045,1.0374782786287695e-05,1.0000445683472208,2.0844036697247708,0.3922307501636961,1.0366677185605163e-05,0.9582050795197574
2.0825688073394497,0.1816309111411459,1.0380958526173499e-05,1.0000440837775386,2.0825688073394497,0.3921903506396265,1.0372587860823115e-05,0.9575604213659972
2.0807339449541287,0.18173899118729667,1.038714161942238e-05,1.0000435185193055,2.0807339449541287,0.3921499891653079,1.0378501446443636e-05,0.9569163219966867
2.0788990825688076,0.18184718576332382,1.0393332078685305e-05,1.0000428750190622,2.0788990825688076,0.3921096661389293,1.038441794651171e-05,0.9562727815973631
2.0770642201834866,0.18195549550287868,1.0399529916657545e-05,1.0000421556796937,2.0770642201834866,0.39206938195634106,1.0390337365085536e-05,0.9556298003462871
2.0752293577981655,0.18206392103706498,1.0405735146078667e-05,1.000041362880438,2.0752293577981655,0.3920291370102996,1.0396259706236539e-05,0.9549873784126248
2.073394495412844,0.18217246299442869,1.0411947779732535e-05,1.0000404989768867,2.073394495412844,0.3919889316926976,1.0402184974049368e-05,0.9543455159619043
2.071559633027523,0.18228112200028518,1.0418167830447316e-05,1.000039566297346,2.071559633027523,0.3919487663945591,1.0408113172621886e-05,0.9537042131560156
2.069724770642202,0.18238989867670713,1.0424395311095475e-05,1.0000385671428376,2.069724770642202,0.3919086415007984,1.0414044306065184e-05,0.9530634701404779
2.067889908256881,0.18249879364384033,1.0430630234593773e-05,1.000037503794374,2.067889908256881,0.3918685573961881,1.0419978378503572e-05,0.9524232870589913
2.06605504587156,0.18260780751590977,1.0436872613903275e-05,1.0000363784911315,2.06605504587156,0.39182851446610517,1.0425915394074585e-05,0.9517836640552559
2.064220183486239,0.1827169409065174,1.0443122462029342e-05,1.0000351934595528,2.064220183486239,0.39178851308903745,1.0431855356928975e-05,0.9511446012547822
2.0623853211009178,0.1828261944259772,1.0449379792021636e-05,1.0000339508987963,2.0623853211009178,0.39174855364555794,1.0437798271230719e-05,0.9505060987867182
2.0605504587155963,0.1829355686809705,1.0455644616974119e-05,1.0000326529789163,2.0605504587155963,0.391708636512328,1.0443744141157014e-05,0.9498681567692984
2.0587155963302752,0.1830450642745326,1.0461916950025045e-05,1.0000313018408633,2.0587155963302752,0.3916687620635846,1.0449692970898277e-05,0.949230775313481
2.056880733944954,0.18315468180670605,1.0468196804356974e-05,1.000029899600122,2.056880733944954,0.3916289306718824,1.0455644764658154e-05,0.9485939545247675
2.055045871559633,0.1832644218748624,1.0474484193196766e-05,1.0000284483485302,2.055045871559633,0.3915891427065838,1.0461599526653501e-05,0.9479576944995642
2.053211009174312,0.1833742850750261,1.0480779129815574e-05,1.0000269501615549,2.053211009174312,0.39154939853760673,1.0467557261114408e-05,0.9473219953342777
2.051376146788991,0.18348427199686212,1.0487081627528856e-05,1.000025407071007,2.051376146788991,0.3915096985331673,1.0473517972284177e-05,0.9466868571198575
2.04954128440367,0.18359438322866337,1.0493391699696368e-05,1.0000238210923271,2.04954128440367,0.3914700430529988,1.0479481664419337e-05,0.946052279925425
2.047706422018349,0.18370461935567367,1.049970935972216e-05,1.0000221942154894,2.047706422018349,0.3914304324641407,1.0485448341789638e-05,0.9454182638364728
2.045871559633028,0.18381498095940757,1.0506034621054586e-05,1.0000205284013646,2.045871559633028,0.3913908671221183,1.049141800867805e-05,0.9447848089093895
2.0440366972477064,0.1839254686186404,1.0512367497186301e-05,1.0000188255871763,2.0440366972477064,0.39135134738598804,1.0497390669380766e-05,0.9441519152078399
2.0422018348623854,0.18403608290973225,1.0518708001654254e-05,1.0000170876883203,2.0422018348623854,0.39131187361532693,1.05033663282072e-05,0.9435195827954885
2.0403669724770643,0.1841468244046088,1.0525056148039694e-05,1.0000153165874508,2.0403669724770643,0.3912724461589103,1.0509344989479987e-05,0.9428878117087152
2.0385321100917433,0.1842576936720862,1.0531411949968171e-05,1.0000135141417559,2.0385321100917433,0.39123306537129443,1.0515326657534986e-05,0.9422566019966325
2.0366972477064222,0.18436869128020686,1.0537775421109536e-05,1.0000116821956908,2.0366972477064222,0.3911937316030063,1.0521311336721274e-05,0.9416259536974394
2.034862385321101,0.18447981779120112,1.0544146575177933e-05,1.000009822553693,2.034862385321101,0.39115444519901915,1.0527299031401153e-05,0.9409958668347826
2.03302752293578,0.1845910737658325,1.055052542593181e-05,1.0000079370038293,2.03302752293578,0.3911152065062989,1.0533289745950147e-05,0.9403663414359471
2.0311926605504587,0.18470245976003127,1.0556911987173917e-05,1.0000060272996052,2.0311926605504587,0.3910760158669958,1.0539283484757e-05,0.9397373775154847
2.0293577981651376,0.18481397632891114,1.0563306272751291e-05,1.0000040951817937,2.0293577981651376,0.3910368736252447,1.0545280252223678e-05,0.9391089750915853
2.0275229357798166,0.18492562402340118,1.0569708296555281e-05,1.0000021423602448,2.0275229357798166,0.39099778011655956,1.0551280052765366e-05,0.938481134160611
2.0256880733944955,0.18503740338955732,1.057611807252153e-05,1.0000001705102477,2.0256880733944955,0.3909587356784226,1.0557282890810475e-05,0.9378538547225617
2.0238532110091745,0.18514931497393364,1.0582535614629978e-05,0.9999981813016348,2.0238532110091745,0.39091974064877033,1.0563288770800636e-05,0.9372271367774374
2.0220183486238534,0.18526135931785317,1.058896093690487e-05,0.9999961763678584,2.0220183486238534,0.39088079535840153,1.05692976971907e-05,0.9366009803070483
2.0201834862385324,0.1853735369590751,1.0595394053414742e-05,0.9999941573150863,2.0201834862385324,0.39084190014007053,1.0575309674448746e-05,0.9359753852968424
2.0183486238532113,0.1854858484331315,1.0601834978272436e-05,0.9999921257294773,2.0183486238532113,0.3908030553186096,1.0581324707056064e-05,0.935350351712259
2.0165137614678903,0.18559829427298052,1.060828372563509e-05,0.9999900831753621,2.0165137614678903,0.39076426122535374,1.0587342799507175e-05,0.9347258795332891
2.014678899082569,0.1857108750062936,1.0614740309704144e-05,0.9999880311806919,2.014678899082569,0.39072551818141826,1.059336395630982e-05,0.934101968714458
2.0128440366972478,0.18582359116118333,1.0621204744725332e-05,0.9999859712679608,2.0128440366972478,0.3906868265098478,1.0599388181984955e-05,0.933478619213929
2.0110091743119267,0.18593644325876177,1.0627677044988692e-05,0.9999839049141883,2.0110091743119267,0.39064818653333566,1.0605415481066766e-05,0.9328558309880464
2.0091743119266057,0.18604943182022327,1.0634157224828556e-05,0.9999818335891177,2.0091743119266057,0.3906095985673608,1.0611445858102656e-05,0.9322336039749644
2.0073394495412846,0.18616255736142465,1.064064529862356e-05,0.9999797587261128,2.0073394495412846,0.39057106293008,1.0617479317653251e-05,0.9316119381182943
2.0055045871559636,0.18627582039659354,1.064714128079664e-05,0.9999776817421662,2.0055045871559636,0.3905325799339396,1.0623515864292399e-05,0.9309908333470958
2.0036697247706425,0.18638922143594772,1.0653645185815024e-05,0.9999756040251668,2.0036697247706425,0.3904941498917657,1.0629555502607171e-05,0.930370289590428
2.001834862385321,0.18650276098805543,1.0660157028190248e-05,0.9999735269466328,2.001834862385321,0.39045577311599916,1.0635598237197856e-05,0.9297503067755315
2.0,0.18661643955575413,1.0666676822478138e-05,0.9999714518398832,2.0,0.39041744991181415,1.0641644072677967e-05,0.9291308848114568
1.998165137614679,0.18673025763986717,1.0673204583278826e-05,0.9999693800200475,1.998165137614679,0.39037918058244897,1.0647693013674238e-05,0.9285120236017974
1.996330275229358,0.1868442157405548,1.0679740325236742e-05,0.9999673127913411,1.996330275229358,0.3903409654353201,1.0653745064826624e-05,0.9278937230592419
1.9944954128440369,0.1869583143522082,1.068628406304061e-05,0.9999652514197805,1.9944954128440369,0.39030280477131424,1.0659800230788305e-05,0.9272759830801078
1.9926605504587158,0.18707255396683273,1.0692835811423461e-05,0.9999631971513736,1.9926605504587158,0.3902646988916618,1.066585851622568e-05,0.9266588035607128
1.9908256880733948,0.18718693507199483,1.0699395585162621e-05,0.9999611512012052,1.9908256880733948,0.3902266480910381,1.0671919925818369e-05,0.9260421843810036
1.9889908256880735,0.18730145815523552,1.0705963399079713e-05,0.9999591147770843,1.9889908256880735,0.39018865266444547,1.0677984464259215e-05,0.9254261254209268
1.9871559633027525,0.18741612369827226,1.0712539268040664e-05,0.9999570890486211,1.9871559633027525,0.3901507129072127,1.0684052136254283e-05,0.9248106265604292
1.9853211009174314,0.18753093218073094,1.0719123206955694e-05,0.9999550751672359,1.9853211009174314,0.39011282911115497,1.0690122946522857e-05,0.9241956876703625
1.9834862385321101,0.18764588407877197,1.072571523077933e-05,0.9999530742588831,1.9834862385321101,0.3900750015614893,1.0696196899797447e-05,0.9235813086052076
1.981651376146789,0.18776097986712617,1.073231535451039e-05,0.9999510874349653,1.981651376146789,0.39003723054834444,1.0702274000823782e-05,0.9229674892303592
1.979816513761468,0.18787622001362017,1.0738923593191995e-05,0.9999491157632292,1.979816513761468,0.38999951635446767,1.070835425436081e-05,0.9223542293930223
1.977981651376147,0.1879916049883858,1.0745539961911568e-05,0.9999471603168786,1.977981651376147,0.38996185926520605,1.071443766518071e-05,0.9217415289458586
1.976146788990826,0.18810713525394146,1.0752164475800824e-05,0.9999452221218235,1.976146788990826,0.3899242595615823,1.072052423806887e-05,0.9211293877306161
1.9743119266055047,0.18822281127098708,1.0758797150035786e-05,0.999943302187603,1.9743119266055047,0.3898867175187404,1.072661397782391e-05,0.9205178055744909
1.9724770642201837,0.18833863349771085,1.0765437999836766e-05,0.9999414015037473,1.9724770642201837,0.3898492334151774,1.0732706889257665e-05,0.9199067823119549
1.9706422018348626,0.18845460238875056,1.0772087040468384e-05,0.9999395210343209,1.9706422018348626,0.38981180752581,1.0738802977195196e-05,0.919296317768385
1.9688073394495413,0.18857071839620929,1.0778744287239555e-05,0.9999376617233793,1.9688073394495413,0.38977444012196294,1.0744902246474785e-05,0.9186864117600635
1.9669724770642203,0.18868698196827238,1.0785409755503492e-05,0.999935824487693,1.9669724770642203,0.3897371314767619,1.0751004701947932e-05,0.9180770641069103
1.9651376146788992,0.1888033935512535,1.079208346065771e-05,0.9999340102276619,1.9651376146788992,0.3896998818527759,1.0757110348479363e-05,0.9174682746033795
1.9633027522935782,0.1889199535854625,1.0798765418144021e-05,0.999932219805487,1.9633027522935782,0.38966269152131205,1.0763219190947024e-05,0.9168600430639344
1.9614678899082572,0.189036662511718,1.0805455643448536e-05,0.9999304540797311,1.9614678899082572,0.3896255607438751,1.0769331234242083e-05,0.9162523692793911
1.9596330275229359,0.1891535207668737,1.0812154152101671e-05,0.9999287138816726,1.9596330275229359,0.3895884897829731,1.077544648326893e-05,0.9156452530423849
1.9577981651376148,0.1892705287820816,1.0818860959678129e-05,0.9999270000062097,1.9577981651376148,0.3895514788982468,1.0781564942945175e-05,0.9150386941382749
1.9559633027522938,0.18938768698931824,1.0825576081796924e-05,0.9999253132464219,1.9559633027522938,0.38951452834955996,1.078768661820165e-05,0.9144326923524204
1.9541284403669725,0.1895049958134559,1.0832299534121364e-05,0.9999236543517327,1.9541284403669725,0.38947763838769484,1.0793811513982411e-05,0.9138272474483529
1.9522935779816515,0.1896224556798267,1.0839031332359053e-05,0.9999220240679279,1.9522935779816515,0.3894408092721663,1.0799939635244734e-05,0.9132223592096125
1.9504587155963304,0.18974006700800908,1.08457714922619e-05,0.9999204231044132,1.9504587155963304,0.38940404124951356,1.0806070986959117e-05,0.9126180273888167
1.9486238532110094,0.18985783021664238,1.0852520029626112e-05,0.9999188521596807,1.9486238532110094,0.3893673345703464,1.0812205574109277e-05,0.9120142517476779
1.9467889908256883,0.18997574571892914,1.0859276960292191e-05,0.9999173118976614,1.9467889908256883,0.38933068948547045,1.0818343401692157e-05,0.9114110320479085
1.944954128440367,0.1900938139278027,1.0866042300144945e-05,0.9999158029750106,1.944954128440367,0.38929410623577954,1.082448447471792e-05,0.910808368027574
1.943119266055046,0.19021203524969546,1.0872816065113472e-05,0.9999143260083656,1.943119266055046,0.38925758506467234,1.083062879820995e-05,0.910206259430197
1.941284403669725,0.19033041009074864,1.0879598271171175e-05,0.9999128816070879,1.941284403669725,0.389221126216502,1.0836776377204854e-05,0.9096047060011188
1.9394495412844037,0.19044893885369077,1.0886388934335757e-05,0.9999114703568921,1.9394495412844037,0.38918472992723124,1.084292721675246e-05,0.909003707465672
1.9376146788990827,0.19056762193713134,1.0893188070669219e-05,0.9999100928162079,1.9376146788990827,0.3891483964360968,1.0849081321915814e-05,0.9084032635564654
1.9357798165137616,0.19068645973519852,1.089999569627786e-05,0.9999087495143613,1.9357798165137616,0.38911212597470124,1.0855238697771191e-05,0.9078033739879174
1.9339449541284406,0.1908054526430764,1.0906811827312276e-05,0.9999074409806781,1.9339449541284406,0.38907591877869196,1.0861399349408082e-05,0.9072040384835418
1.9321100917431195,0.19092460104867034,1.0913636479967366e-05,0.9999061677008285,1.9321100917431195,0.38903977507606347,1.0867563281929202e-05,0.9066052567486622
1.9302752293577983,0.1910439053395323,1.0920469670482328e-05,0.9999049301532068,1.9302752293577983,0.3890036950980676,1.0873730500450488e-05,0.9060070284958783
1.9284403669724772,0.19116336589868432,1.0927311415140656e-05,0.9999037287871033,1.9284403669724772,0.38896767906750085,1.0879901010101097e-05,0.905409353417781
1.9266055045871562,0.19128298310703779,1.0934161730270146e-05,0.9999025640354375,1.9266055045871562,0.3889317272135342,1.0886074816023406e-05,0.9048122312215128
1.924770642201835,0.19140275734199141,1.0941020632242892e-05,0.9999014363074821,1.924770642201835,0.3888958397568665,1.0892251923373022e-05,0.9042156615942076
1.9229357798165139,0.19152268897602442,1.0947888137475288e-05,0.9999003459815867,1.9229357798165139,0.3888600169136123,1.0898432337318762e-05,0.9036196442120854
1.9211009174311928,0.19164277838121058,1.0954764262428024e-05,0.9998992934288253,1.9211009174311928,0.3888242589062535,1.0904616063042673e-05,0.9030241787659179
1.9192660550458718,0.1917630259267727,1.0961649023606093e-05,0.9998982790002628,1.9192660550458718,0.3887885659495501,1.0910803105740023e-05,0.902429264928287
1.9174311926605507,0.19188343197627872,1.0968542437558786e-05,0.9998973030124034,1.9174311926605507,0.3887529382560052,1.0916993470619295e-05,0.9018349023663177
1.9155963302752295,0.19200399689111422,1.097544452087969e-05,0.9998963657653803,1.9155963302752295,0.3887173760397817,1.0923187162902205e-05,0.9012410907507729
1.9137614678899084,0.1921247210308227,1.0982355290206697e-05,0.9998954675447749,1.9137614678899084,0.3886818795088543,1.0929384187823678e-05,0.9006478297378635
1.9119266055045874,0.19224560475029953,1.0989274762221992e-05,0.9998946086070646,1.9119266055045874,0.3886464488720612,1.093558455063187e-05,0.9000551189856196
1.910091743119266,0.19236664840257445,1.0996202953652064e-05,0.999893789194175,1.910091743119266,0.3886110843336033,1.0941788256588157e-05,0.8994629581411573
1.908256880733945,0.1924878523370523,1.1003139881267698e-05,0.999893009524385,1.908256880733945,0.38857578609696225,1.094799531096713e-05,0.8988713468497735
1.906422018348624,0.19260921689879845,1.101008556188398e-05,0.9998922697886883,1.906422018348624,0.38854055436489676,1.0954205719056612e-05,0.8982802847549465
1.904587155963303,0.19273074243273,1.1017040012360294e-05,0.9998915701726219,1.904587155963303,0.38850538933707846,1.0960419486157641e-05,0.8976897714928782
1.902752293577982,0.19285242927799937,1.1024003249600321e-05,0.9998909108271619,1.902752293577982,0.38847029120929405,1.0966636617584478e-05,0.8970998066906759
1.9009174311926607,0.1929742777718355,1.1030975290552047e-05,0.9998902918887325,1.9009174311926607,0.3884352601757977,1.0972857118664607e-05,0.8965103899718088
1.8990825688073396,0.19309628824742742,1.1037956152207751e-05,0.999889713468292,1.8990825688073396,0.3884002964308826,1.0979080994738729e-05,0.895921520959746
1.8972477064220186,0.19321846103601806,1.1044945851604014e-05,0.999889175662247,1.8972477064220186,0.38836540016651366,1.0985308251160773e-05,0.8953331992724998
1.8954128440366973,0.1933407964651372,1.1051944405821719e-05,0.999888678543357,1.8954128440366973,0.3883305715675825,1.0991538893297887e-05,0.8947454245117115
1.8935779816513763,0.19346329485964261,1.105895183198604e-05,0.9998882221661916,1.8935779816513763,0.38829581082610504,1.099777292653044e-05,0.8941581962953933
1.8917431192660552,0.19358595654100547,1.1065968147266457e-05,0.9998878065634926,1.8917431192660552,0.3882611181230625,1.1004010356252024e-05,0.8935715142160916
1.8899082568807342,0.19370878182694415,1.107299336887675e-05,0.9998874317443551,1.8899082568807342,0.3882264936433947,1.1010251187869451e-05,0.8929853778754477
1.8880733944954131,0.1938317710335258,1.108002751407499e-05,0.9998870977051411,1.8880733944954131,0.38819193756572357,1.1016495426802756e-05,0.8923997868605511
1.8862385321100918,0.19395492447233598,1.1087070600163557e-05,0.9998868044149276,1.8862385321100918,0.3881574500678765,1.1022743078485195e-05,0.8918147407566721
1.8844036697247708,0.1940782424529332,1.1094122644489122e-05,0.99988655182824,1.8844036697247708,0.38812303132846765,1.1028994148363246e-05,0.8912302391509002
1.8825688073394498,0.19420172528107377,1.110118366444266e-05,0.9998863398759568,1.8825688073394498,0.3880886815205581,1.103524864189661e-05,0.8906462816175917
1.8807339449541285,0.19432537325905055,1.1108253677459445e-05,0.9998861684671283,1.8807339449541285,0.38805440081560477,1.1041506564558205e-05,0.8900628677274653
1.8788990825688074,0.19444918668674083,1.1115332701019046e-05,0.9998860374944343,1.8788990825688074,0.3880201893842482,1.1047767921834177e-05,0.8894799970494205
1.8770642201834864,0.19457316586159595,1.1122420752645335e-05,0.9998859468341834,1.8770642201834864,0.3879860473963099,1.1054032719223889e-05,0.8888976691505377
1.8752293577981654,0.19469731107721466,1.1129517849906483e-05,0.9998858963390376,1.8752293577981654,0.38795197501363865,1.1060300962239926e-05,0.8883158835797076
1.8733944954128443,0.1948216226229736,1.1136624010414958e-05,0.9998858858361928,1.8733944954128443,0.3879179724043957,1.10665726564081e-05,0.8877346399003727
1.871559633027523,0.19494610078649394,1.114373925182753e-05,0.999885915140112,1.871559633027523,0.3878840397247784,1.107284780726744e-05,0.8871539376486908
1.869724770642202,0.19507074585292364,1.1150863591845262e-05,0.9998859840488876,1.869724770642202,0.3878501771404721,1.1079126420370193e-05,0.8865737763826473
1.867889908256881,0.19519555810244135,1.1157997048213524e-05,0.9998860923315078,1.867889908256881,0.38781638480517755,1.1085408501281834e-05,0.8859941556329431
1.8660550458715597,0.19532053781414654,1.1165139638721981e-05,0.9998862397478661,1.8660550458715597,0.3877826628749172,1.1091694055581061e-05,0.8854150749357359
1.8642201834862386,0.19544568526178702,1.1172291381204598e-05,0.9998864260269329,1.8642201834862386,0.38774901150405433,1.1097983088859787e-05,0.8848365338235453
1.8623853211009176,0.19557100071800848,1.1179452293539636e-05,0.999886650888584,1.8623853211009176,0.38771543084449056,1.1104275606723149e-05,0.8842585318234342
1.8605504587155965,0.19569648445078874,1.118662239364966e-05,0.9998869140254101,1.8605504587155965,0.38768192104166815,1.1110571614789509e-05,0.8836810684479133
1.8587155963302755,0.1958221367276948,1.1193801699501535e-05,0.999887215124545,1.8587155963302755,0.3876484822457293,1.1116871118690449e-05,0.8831041432204074
1.8568807339449542,0.19594795780910626,1.1200990229106416e-05,0.9998875538331049,1.8568807339449542,0.38761511460114234,1.1123174124070768e-05,0.8825277556516085
1.8550458715596332,0.19607394795496708,1.1208188000519768e-05,0.9998879297927488,1.8550458715596332,0.387581818251482,1.1129480636588495e-05,0.8819519052503892
1.8532110091743121,0.19620010742263994,1.1215395031841345e-05,0.9998883426287648,1.8532110091743121,0.38754859333702624,1.1135790661914874e-05,0.8813765915183467
1.8513761467889909,0.19632643646368136,1.1222611341215212e-05,0.9998887919336994,1.8513761467889909,0.3875154399939459,1.1142104205734376e-05,0.8808018139479827
1.8495412844036698,0.19645293533061037,1.1229836946829721e-05,0.9998892773019179,1.8495412844036698,0.38748235836229933,1.1148421273744685e-05,0.8802275720408943
1.8477064220183488,0.19657960426796925,1.1237071866917532e-05,0.9998897982841299,1.8477064220183488,0.38744934857562857,1.1154741871656717e-05,0.8796538652841264
1.8458715596330277,0.19670644352124095,1.1244316119755597e-05,0.9998903544328641,1.8458715596330277,0.38741641076574845,1.1161066005194603e-05,0.879080693161086
1.8440366972477067,0.19683345333183705,1.1251569723665174e-05,0.9998909452770022,1.8440366972477067,0.38738354506434636,1.11673936800957e-05,0.87850805515518
1.8422018348623854,0.1969606339356485,1.1258832697011819e-05,0.999891570314503,1.8422018348623854,0.3873507515981654,1.1173724902110582e-05,0.8779359507389017
1.8403669724770644,0.19708798556804502,1.126610505820538e-05,0.9998922290378687,1.8403669724770644,0.38731803049380803,1.1180059677003048e-05,0.8773643793847441
1.8385321100917433,0.19721550846135957,1.127338682570001e-05,0.9998929209214111,1.8385321100917433,0.38728538187452094,1.1186398010550117e-05,0.8767933405579242
1.836697247706422,0.19734320284272183,1.1280678017994165e-05,0.9998936454103386,1.836697247706422,0.3872528058650087,1.119273990854203e-05,0.8762228337272973
1.834862385321101,0.19747106893906818,1.128797865363059e-05,0.9998944019462215,1.834862385321101,0.38722030258339346,1.1199085376782252e-05,0.8756528583471663
1.83302752293578,0.19759910697138727,1.1295288751196335e-05,0.9998951899378881,1.83302752293578,0.3871878721476341,1.1205434421087467e-05,0.8750834138718346
1.831192660550459,0.19772731715973385,1.130260832932275e-05,0.9998960087868909,1.831192660550459,0.3871555146731099,1.121178704728758e-05,0.8745144997501484
1.8293577981651379,0.1978556997189042,1.1309937406685485e-05,0.9998968578656786,1.8293577981651379,0.3871232302726118,1.1218143261225721e-05,0.8739461154254968
1.8275229357798166,0.19798425486417892,1.1317276002004482e-05,0.9998977365466999,1.8275229357798166,0.3870910190611728,1.1224503068758239e-05,0.8733782603467262
1.8256880733944956,0.19811298280195194,1.1324624134043991e-05,0.9998986441551097,1.8256880733944956,0.3870588811455861,1.1230866475754705e-05,0.8728109339444927
1.8238532110091745,0.1982418837423211,1.1331981821612554e-05,0.9998995800324337,1.8238532110091745,0.3870268166324531,1.1237233488097911e-05,0.8722441356494528
1.8220183486238533,0.1983709578868282,1.1339349083563016e-05,0.9999005434747232,1.8220183486238533,0.38699482562898974,1.1243604111683875e-05,0.8716778648940817
1.8201834862385322,0.1985002054370952,1.134672593879252e-05,0.9999015337762103,1.8201834862385322,0.3869629082373713,1.1249978352421831e-05,0.8711121210999409
1.8183486238532112,0.19862962659012445,1.135411240624251e-05,0.9999025502056611,1.8183486238532112,0.38693106456037707,1.1256356216234238e-05,0.8705469036904105
1.8165137614678901,0.19875922153936587,1.1361508504898726e-05,0.9999035920118331,1.8165137614678901,0.38689929469330253,1.1262737709056773e-05,0.8699822120725003
1.814678899082569,0.19888899047832098,1.136891425379121e-05,0.9999046584416647,1.814678899082569,0.3868675987368876,1.1269122836838342e-05,0.8694180456659524
1.8128440366972478,0.19901893359402373,1.1376329671994301e-05,0.9999057487075333,1.8128440366972478,0.38683597678599374,1.1275511605541066e-05,0.8688544038777763
1.8110091743119268,0.19914905107063954,1.1383754778626634e-05,0.9999068620054459,1.8110091743119268,0.38680442893120737,1.128190402114029e-05,0.8682912861058867
1.8091743119266057,0.1992793430905412,1.1391189592851152e-05,0.999907997520495,1.8091743119266057,0.38677295526207056,1.1288300089624578e-05,0.8677286917463789
1.8073394495412844,0.199409809833212,1.139863413387509e-05,0.9999091544214025,1.8073394495412844,0.38674155587032266,1.1294699816995723e-05,0.8671666202008055
1.8055045871559634,0.19954045147450788,1.1406088420949984e-05,0.9999103318568814,1.8055045871559634,0.38671023084178846,1.1301103209268732e-05,0.866605070857986
1.8036697247706424,0.19967126818591652,1.1413552473371668e-05,0.9999115289519978,1.8036697247706424,0.3866789802604229,1.1307510272471834e-05,0.866044043103102
1.8018348623853213,0.19980226013817515,1.142102631048028e-05,0.9999127448263607,1.8018348623853213,0.3866478042083044,1.1313921012646486e-05,0.8654835363176971
1.8000000000000003,0.19993342749690107,1.1428509951660248e-05,0.9999139785722946,1.8000000000000003,0.3866167027656295,1.132033543584736e-05,0.864923549879677
1.798165137614679,0.20006477042621199,1.143600341634031e-05,0.9999152292730287,1.798165137614679,0.3865856760107072,1.1326753548142357e-05,0.8643640831633093
1.796330275229358,0.20019628908616893,1.1443506723993495e-05,0.9999164959899645,1.796330275229358,0.3865547240207671,1.133317535561259e-05,0.8638051355410425
1.794495412844037,0.20032798363312496,1.1451019894137132e-05,0.9999177777644945,1.794495412844037,0.38652384686706925,1.13396008643524e-05,0.8632467063725926
1.7926605504587156,0.20045985422153392,1.1458542946332855e-05,0.9999190736270975,1.7926605504587156,0.38649304462385115,1.1346030080469351e-05,0.8626887950249511
1.7908256880733946,0.2005919010032115,1.1466075900186589e-05,0.9999203825937002,1.7908256880733946,0.3864623173609969,1.1352463010084224e-05,0.8621314008560148
1.7889908256880735,0.2007241241247683,1.1473618775348563e-05,0.9999217036529444,1.7889908256880735,0.3864316651432093,1.1358899659331025e-05,0.8615745232127665
1.7871559633027525,0.20085652373233998,1.1481171591513304e-05,0.9999230357898341,1.7871559633027525,0.3864010880397901,1.136534003435698e-05,0.861018161453103
1.7853211009174315,0.20098909996609887,1.148873436841964e-05,0.9999243779584503,1.7853211009174315,0.3863705861132182,1.1371784141322536e-05,0.860462314920369
1.7834862385321102,0.20112185296498789,1.1496307125850698e-05,0.9999257291055983,1.7834862385321102,0.38634015942403305,1.1378231986401365e-05,0.8599069829542714
1.7816513761467891,0.20125478286451737,1.1503889883633898e-05,0.9999270881598932,1.7816513761467891,0.3863098080324644,1.1384683575780356e-05,0.859352164894517
1.779816513761468,0.20138788979785022,1.1511482661640965e-05,0.9999284540372173,1.779816513761468,0.38627953199434084,1.1391138915659625e-05,0.8587978600717179
1.7779816513761468,0.2015211738932255,1.1519085479787924e-05,0.9999298256279872,1.7779816513761468,0.3862493313659877,1.1397598012252505e-05,0.8582440678183048
1.7761467889908258,0.20165463527724092,1.1526698358035093e-05,0.9999312018135242,1.7761467889908258,0.3862192062017721,1.1404060871785553e-05,0.8576907874630706
1.7743119266055047,0.20178827407264266,1.1534321316387095e-05,0.9999325814551412,1.7743119266055047,0.3861891565491786,1.1410527500498547e-05,0.8571380183202564
1.7724770642201837,0.20192209040014641,1.1541954374892849e-05,0.9999339634032367,1.7724770642201837,0.38615918246027103,1.1416997904644487e-05,0.856585759715017
1.7706422018348627,0.2020560843754878,1.1549597553645577e-05,0.9999353464827436,1.7706422018348627,0.38612928398267865,1.1423472090489594e-05,0.8560340109634126
1.7688073394495414,0.2021902561130811,1.1557250872782795e-05,0.9999367295113188,1.7688073394495414,0.3860994611579424,1.1429950064313313e-05,0.85548277136877
1.7669724770642203,0.20232460572306818,1.156491435248632e-05,0.9999381112847914,1.7669724770642203,0.38606971402806806,1.1436431832408306e-05,0.8549320402362355
1.7651376146788993,0.2024591333142479,1.157258801298227e-05,0.9999394905917143,1.7651376146788993,0.3860400426388154,1.1442917401080463e-05,0.8543818168800499
1.763302752293578,0.20259383899001515,1.158027187454106e-05,0.9999408661933558,1.763302752293578,0.3860104470240835,1.144940677664889e-05,0.8538321005889884
1.761467889908257,0.20272872285165955,1.1587965957477401e-05,0.9999422368400701,1.761467889908257,0.385980927220688,1.1455899965445918e-05,0.8532828906591021
1.759633027522936,0.20286378499724872,1.1595670282150313e-05,0.9999436012658407,1.759633027522936,0.3859514832650758,1.1462396973817096e-05,0.8527341863864422
1.7577981651376149,0.20299902552309187,1.1603384868963106e-05,0.999944958195556,1.7577981651376149,0.3859221151883816,1.14688978081212e-05,0.8521859870561457
1.7559633027522938,0.20313444451966686,1.161110973836339e-05,0.9999463063250005,1.7559633027522938,0.38589282302053346,1.1475402474730224e-05,0.8516382919515308
1.7541284403669726,0.20327004207751453,1.161884491084308e-05,0.9999476443499589,1.7541284403669726,0.3858636067894246,1.1481910980029387e-05,0.8510911003522779
1.7522935779816515,0.20340581828131582,1.1626590406938383e-05,0.9999489709371119,1.7522935779816515,0.385834466521733,1.1488423330417122e-05,0.8505444115362479
1.7504587155963305,0.20354177321431294,1.1634346247229809e-05,0.9999502847458643,1.7504587155963305,0.38580540224126564,1.1494939532305093e-05,0.8499982247758453
1.7486238532110092,0.20367790695533802,1.1642112452342168e-05,0.9999515844137932,1.7486238532110092,0.3857764139672994,1.1501459592118181e-05,0.8494525393343793
1.7467889908256882,0.20381421958287385,1.1649889042944567e-05,0.9999528685766563,1.7467889908256882,0.3857475017220058,1.1507983516294488e-05,0.848907354482435
1.7449541284403671,0.20395071116800115,1.165767603975041e-05,0.999954135833832,1.7449541284403671,0.38571866552301665,1.151451131128534e-05,0.848362669481503
1.743119266055046,0.20408738178365268,1.1665473463517406e-05,0.9999553847937932,1.743119266055046,0.3856899053875483,1.1521042983555282e-05,0.8478184835930733
1.741284403669725,0.2042242314945862,1.167328133504756e-05,0.9999566140249954,1.741284403669725,0.3856612213241208,1.1527578539582084e-05,0.8472747960604465
1.7394495412844038,0.20436126036553273,1.1681099675187174e-05,0.9999578220958938,1.7394495412844038,0.38563261334744486,1.1534117985856736e-05,0.8467316061414749
1.7376146788990827,0.20449846845821842,1.1688928504826852e-05,0.9999590075603919,1.7376146788990827,0.3856040814651768,1.154066132888345e-05,0.8461889130794589
1.7357798165137617,0.2046358558302346,1.1696767844901495e-05,0.9999601689523843,1.7357798165137617,0.3855756256870217,1.1547208575179658e-05,0.8456467161231558
1.7339449541284404,0.20477342253762917,1.1704617716390307e-05,0.9999613047984894,1.7339449541284404,0.38554724601478113,1.1553759731276014e-05,0.8451050145049521
1.7321100917431194,0.20491116862968,1.1712478140316784e-05,0.9999624135925842,1.7321100917431194,0.3855189424531245,1.1560314803716397e-05,0.8445638074645103
1.7302752293577983,0.20504909415744893,1.172034913774873e-05,0.9999634938376403,1.7302752293577983,0.3854907150046127,1.1566873799057905e-05,0.8440230942378548
1.7284403669724773,0.20518719916482675,1.172823072979824e-05,0.9999645440020686,1.7284403669724773,0.3854625636655355,1.1573436723870855e-05,0.8434828740482772
1.7266055045871562,0.20532548369448286,1.1736122937621716e-05,0.9999655625488231,1.7266055045871562,0.3854344884317161,1.1580003584738793e-05,0.8429431461190688
1.724770642201835,0.20546394778673704,1.174402578241985e-05,0.9999665479299438,1.724770642201835,0.38540648930183874,1.158657438825848e-05,0.8424039096807974
1.722935779816514,0.205602591476931,1.1751939285437642e-05,0.9999674985738238,1.722935779816514,0.38537856626413314,1.15931491410399e-05,0.8418651639422023
1.7211009174311929,0.2057414147984029,1.1759863467964385e-05,0.9999684128997615,1.7211009174311929,0.38535071931134285,1.1599727849706262e-05,0.8413269081229373
1.7192660550458716,0.2058804177813547,1.1767798351333673e-05,0.999969289312503,1.7192660550458716,0.38532294843073345,1.1606310520893994e-05,0.8407891414317419
1.7174311926605506,0.20601960045283865,1.17757439569234e-05,0.9999701262022427,1.7174311926605506,0.3852952536115844,1.1612897161252744e-05,0.8402518630828126
1.7155963302752295,0.20615896283636934,1.1783700306155756e-05,0.9999709219428041,1.7155963302752295,0.3852676348343453,1.1619487777445385e-05,0.8397150722721562
1.7137614678899085,0.2062985049530345,1.1791667420497236e-05,0.9999716748970968,1.7137614678899085,0.38524009208146637,1.162608237614801e-05,0.8391787682012364
1.7119266055045874,0.2064382268199827,1.1799645321458629e-05,0.9999723834098404,1.7119266055045874,0.3852126253348979,1.1632680964049936e-05,0.8386429500715167
1.7100917431192661,0.20657812845228557,1.1807634030595026e-05,0.9999730458166596,1.7100917431192661,0.38518523457190834,1.1639283547853696e-05,0.8381076170753659
1.708256880733945,0.20671820986029638,1.1815633569505813e-05,0.9999736604313512,1.708256880733945,0.38515791976590813,1.164589013427505e-05,0.8375727683978766
1.706422018348624,0.2068584710541467,1.182364395983468e-05,0.999974225567712,1.706422018348624,0.3851306808964817,1.165250073004298e-05,0.8370384032386937
1.7045871559633028,0.2069989120377185,1.1831665223269614e-05,0.999974739510435,1.7045871559633028,0.3851035179276327,1.1659115341899687e-05,0.8365045207647199
1.7027522935779817,0.207139532814272,1.18396973815429e-05,0.9999752005423943,1.7027522935779817,0.38507643083538945,1.1665733976600592e-05,0.835971120170143
1.7009174311926607,0.20728033338153948,1.1847740456431123e-05,0.999975606920998,1.7009174311926607,0.38504941958436595,1.167235664091434e-05,0.8354382006255037
1.6990825688073397,0.20742131373509953,1.185579446975517e-05,0.9999759568945592,1.6990825688073397,0.3850224841386337,1.16789833416228e-05,0.8349057613013429
1.6972477064220186,0.20756247387025492,1.186385944338022e-05,0.9999762487113912,1.6972477064220186,0.38499562446339936,1.1685614085521061e-05,0.8343738013718394
1.6954128440366973,0.20770381377409486,1.1871935399215762e-05,0.9999764805816085,1.6954128440366973,0.38496884052080876,1.1692248879417432e-05,0.833842320005715
1.6935779816513763,0.20784533343491607,1.1880022359215572e-05,0.9999766507226013,1.6935779816513763,0.3849421322682582,1.1698887730133443e-05,0.8333113163625967
1.6917431192660553,0.20798703283579303,1.1888120345377732e-05,0.9999767573281133,1.6917431192660553,0.38491549966342514,1.1705530644503848e-05,0.8327807896039303
1.689908256880734,0.20812891195720723,1.1896229379744624e-05,0.999976798580974,1.689908256880734,0.38488894266174595,1.1712177629376625e-05,0.8322507388875238
1.688073394495413,0.20827097077589934,1.1904349484402923e-05,0.9999767726476421,1.688073394495413,0.384862461213884,1.1718828691612968e-05,0.83172116336209
1.686238532110092,0.20841320926674947,1.191248068148361e-05,0.9999766776873003,1.686238532110092,0.38483605527245446,1.1725483838087295e-05,0.831192062181799
1.6844036697247708,0.20855562740125025,1.1920622993161963e-05,0.9999765118445794,1.6844036697247708,0.38480972478613046,1.1732143075687247e-05,0.8306634344935446
1.6825688073394498,0.20869822514597464,1.1928776441657557e-05,0.9999762732422823,1.6825688073394498,0.38478346970047606,1.1738806411313687e-05,0.830135279438764
1.6807339449541285,0.2088410024674946,1.1936941049234267e-05,0.9999759600050311,1.6807339449541285,0.38475728996215536,1.1745473851880697e-05,0.829607596162532
1.6788990825688075,0.20898395932705652,1.194511683820027e-05,0.9999755702338007,1.6788990825688075,0.38473118551133845,1.175214540431558e-05,0.8290803837971907
1.6770642201834864,0.20912709568284274,1.1953303830908035e-05,0.9999751020168333,1.6770642201834864,0.3847051562892853,1.1758821075558868e-05,0.8285536414787202
1.6752293577981652,0.20927041149110046,1.1961502049754339e-05,0.999974553435095,1.6752293577981652,0.3846792022332781,1.1765500872564307e-05,0.8280273683358246
1.6733944954128441,0.20941390670460863,1.1969711517180252e-05,0.9999739225550002,1.6733944954128441,0.3846533232816833,1.1772184802298866e-05,0.8275015635008458
1.671559633027523,0.20955758127190105,1.1977932255671144e-05,0.9999732074247731,1.671559633027523,0.38462751936634104,1.1778872871742736e-05,0.826976226093393
1.669724770642202,0.20970143513991943,1.1986164287756688e-05,0.9999724060871813,1.669724770642202,0.38460179042016535,1.1785565087889333e-05,0.8264513552367134
1.667889908256881,0.20984546825171474,1.199440763601085e-05,0.9999715165686212,1.667889908256881,0.3845761363720653,1.179226145774529e-05,0.8259269500467781
1.6660550458715597,0.20998968054795922,1.20026623230519e-05,0.9999705368863943,1.6660550458715597,0.38455055715201897,1.1798961988330467e-05,0.8254030096431961
1.6642201834862387,0.21013407196464218,1.2010928371542407e-05,0.9999694650377933,1.6642201834862387,0.3845250526834447,1.180566668667794e-05,0.8248795331328438
1.6623853211009176,0.21027864243687594,1.2019205804189233e-05,0.9999682990182919,1.6623853211009176,0.3844996228908191,1.1812375559834006e-05,0.8243565196262352
1.6605504587155964,0.21042339189391454,1.2027494643743547e-05,0.9999670367978979,1.6605504587155964,0.38447426769543586,1.1819088614858195e-05,0.8238339682284277
1.6587155963302753,0.2105683202664083,1.2035794913000815e-05,0.9999656763557141,1.6587155963302753,0.3844489870196427,1.1825805858823243e-05,0.8233118780481163
1.6568807339449543,0.21071342747490693,1.2044106634800796e-05,0.9999642156253685,1.6568807339449543,0.38442378077579825,1.1832527298815119e-05,0.8227902481739875
1.6550458715596332,0.21085871344458945,1.2052429832027556e-05,0.9999626525650456,1.6550458715596332,0.38439864888324915,1.1839252941933007e-05,0.8222690777110984
1.6532110091743122,0.21100417809184335,1.2060764527609457e-05,0.9999609850938214,1.6532110091743122,0.384373591251335,1.184598279528932e-05,0.8217483657444973
1.651376146788991,0.21114982133287363,1.2069110744519162e-05,0.999959211132591,1.651376146788991,0.38434860779340585,1.1852716866009683e-05,0.821228111369237
1.6495412844036699,0.2112956430790872,1.2077468505773627e-05,0.9999573285822407,1.6495412844036699,0.38432369842002007,1.1859455161232951e-05,0.8207083136758229
1.6477064220183488,0.21144164324015063,1.2085837834434113e-05,0.9999553353381998,1.6477064220183488,0.3842988630346752,1.1866197688111196e-05,0.8201889717411177
1.6458715596330276,0.21158782172321178,1.2094218753606182e-05,0.9999532292868025,1.6458715596330276,0.38427410154657965,1.1872944453809716e-05,0.8196700846556269
1.6440366972477065,0.21173417842865136,1.2102611286439685e-05,0.9999510082852794,1.6440366972477065,0.3842494138523243,1.1879695465507023e-05,0.8191516514843897
1.6422018348623855,0.21188071325834376,1.2111015456128784e-05,0.9999486702008653,1.6422018348623855,0.3842247998580443,1.1886450730394859e-05,0.8186336713142737
1.6403669724770644,0.21202742610871683,1.2119431285911932e-05,0.9999462128780578,1.6403669724770644,0.38420025946108066,1.1893210255678185e-05,0.8181161432148656
1.6385321100917434,0.21217431687304625,1.2127858799071885e-05,0.9999436341495311,1.6385321100917434,0.38417579255636575,1.189997404857518e-05,0.8175990662521144
1.636697247706422,0.2123213854410556,1.2136298018935698e-05,0.9999409318343169,1.636697247706422,0.38415139903812767,1.190674211631725e-05,0.8170824394919691
1.634862385321101,0.2124686317018,1.2144748968874724e-05,0.9999381037514468,1.634862385321101,0.38412707880117136,1.1913514466149018e-05,0.8165662620031071
1.63302752293578,0.21261605553882643,1.2153211672304612e-05,0.9999351476972151,1.63302752293578,0.3841028317327479,1.1920291105328332e-05,0.8160505328396539
1.6311926605504588,0.21276365683324872,1.2161686152685316e-05,0.9999320614597309,1.6311926605504588,0.38407865772366906,1.1927072041126262e-05,0.8155352510648299
1.6293577981651377,0.21291143546315458,1.2170172433521087e-05,0.999928842816189,1.6293577981651377,0.38405455665803295,1.1933857280827094e-05,0.8150204157291228
1.6275229357798167,0.2130594080845222,1.2178670538360474e-05,0.9999255682887451,1.6275229357798167,0.3840305284200655,1.1940646831728346e-05,0.8145060258848389
1.6256880733944956,0.21320829245450337,1.2187180492137741e-05,0.9999256021674228,1.6256880733944956,0.38400657289197665,1.1947440701140744e-05,0.8139920805815564
1.6238532110091746,0.21335844138446997,1.219570237591655e-05,0.9999305843739421,1.6238532110091746,0.38398268995395457,1.195423889638825e-05,0.8134785788661247
1.6220183486238533,0.21350911913918375,1.2204236242939653e-05,0.9999370544628619,1.6220183486238533,0.383958879483731,1.1961041424808038e-05,0.8129655197817556
1.6201834862385323,0.2136599404146702,1.2212782115693186e-05,0.9999432042059198,1.6201834862385323,0.3839351413552849,1.1967848293750507e-05,0.812452902365294
1.6183486238532112,0.21381090689723037,1.2221340016778193e-05,0.9999490402942683,1.6183486238532112,0.3839114754427034,1.1974659510579277e-05,0.8119407256554041
1.61651376146789,0.21396202026322475,1.222990996891061e-05,0.9999545693463006,1.61651376146789,0.3838878816188905,1.198147508267119e-05,0.8114289886898405
1.614678899082569,0.2141132821823426,1.2238491994921271e-05,0.9999597979231112,1.614678899082569,0.38386435975298216,1.198829501741631e-05,0.8109176904999913
1.6128440366972479,0.2142646943158174,1.224708611775591e-05,0.9999647325203114,1.6128440366972479,0.3838409097099042,1.1995119322217921e-05,0.8104068301099687
1.6110091743119268,0.2144162583167806,1.2255692360475154e-05,0.9999693795698477,1.6110091743119268,0.3838177837002534,1.2001948004492531e-05,0.80989693902211
1.6091743119266058,0.2145679758304213,1.2264310746254535e-05,0.9999737454409114,1.6091743119266058,0.3837960467870481,1.2008781080663267e-05,0.8093902611526573
1.6073394495412845,0.2147198484935609,1.2272941298384477e-05,0.99997783643812,1.6073394495412845,0.3837755409373805,1.2015618596159356e-05,0.8088864554301836
1.6055045871559634,0.21487187793539808,1.2281584040270302e-05,0.9999816588051544,1.6055045871559634,0.3837551699927727,1.202246056182055e-05,0.8083832077172701
1.6036697247706424,0.21502406577708455,1.229023899543223e-05,0.9999852187229408,1.6036697247706424,0.3837348119756095,1.2029306984133939e-05,0.8078802603840813
1.6018348623853211,0.21517641363168918,1.2298906187505383e-05,0.9999885223096499,1.6018348623853211,0.3837144684016877,1.2036157869627508e-05,0.8073776162282229
1.6,0.21532892310337945,1.2307585640239771e-05,0.9999915756170594,1.6,0.38369414078401526,1.2043013224870128e-05,0.8068752780327486
1.598165137614679,0.21548159578993073,1.2316277377500312e-05,0.9999943846423776,1.598165137614679,0.3836738306297641,1.2049873056471564e-05,0.8063732485597939
1.596330275229358,0.21563443327995097,1.2324981423266817e-05,0.9999969553155097,1.596330275229358,0.38365353943634684,1.205673737108247e-05,0.8058715305423902
1.594495412844037,0.21578743715460788,1.2333697801633992e-05,0.9999992935072441,1.594495412844037,0.3836332686978771,1.2063606175394391e-05,0.8053701266981079
1.5926605504587157,0.2159406089856313,1.2342426536811447e-05,1.000001405020157,1.5926605504587157,0.38361301990038205,1.2070479476139768e-05,0.8048690397190512
1.5908256880733946,0.2160939503382211,1.2351167653123683e-05,1.000003295602255,1.5908256880733946,0.3835927945222031,1.2077357280091923e-05,0.8043682722727681
1.5889908256880736,0.21624746276964,1.2359921175010101e-05,1.0000049709406085,1.5889908256880736,0.38357259404003996,1.2084239594065079e-05,0.803867827014983
1.5871559633027523,0.21640114782780107,1.2368687127025005e-05,1.000006436654985,1.5871559633027523,0.38355241991851463,1.2091126424914345e-05,0.8033677065677693
1.5853211009174313,0.21655500705359054,1.2377465533837586e-05,1.0000076983087638,1.5853211009174313,0.38353227361794734,1.2098017779535719e-05,0.8028679135359198
1.5834862385321102,0.21670904197925947,1.2386256420231942e-05,1.0000087614016593,1.5834862385321102,0.38351215659433513,1.2104913664866093e-05,0.8023684505069468
1.5816513761467892,0.21686325412976618,1.2395059811107063e-05,1.0000096313760878,1.5816513761467892,0.3834920702928052,1.2111814087883253e-05,0.80186932003744
1.5798165137614681,0.21701764502155937,1.2403875731476842e-05,1.0000103136117104,1.5798165137614681,0.38347201615671345,1.2118719055605868e-05,0.8013705246721656
1.5779816513761469,0.21717221616352822,1.2412704206470064e-05,1.0000108134299808,1.5779816513761469,0.3834519956206625,1.2125628575093504e-05,0.8008720669295144
1.5761467889908258,0.21732696905479384,1.2421545261330414e-05,1.0000111360841402,1.5761467889908258,0.3834320101113391,1.2132542653446616e-05,0.8003739493033208
1.5743119266055048,0.21748190518901944,1.2430398921416474e-05,1.0000112867792268,1.5743119266055048,0.38341206105227693,1.213946129780655e-05,0.7998761742728675
1.5724770642201835,0.21763702604943497,1.2439265212201727e-05,1.0000112706493383,1.5724770642201835,0.383392149856423,1.2146384515355544e-05,0.7993787442874236
1.5706422018348625,0.21779233311255614,1.2448144159274548e-05,1.000011092774912,1.5706422018348625,0.383372277934827,1.2153312313316725e-05,0.798881661784435
1.5688073394495414,0.21794782784716246,1.2457035788338213e-05,1.0000107581781776,1.5688073394495414,0.3833524466892025,1.2160244698954112e-05,0.7983849291740626
1.5669724770642204,0.21810351171327058,1.2465940125210895e-05,1.00001027181861,1.5669724770642204,0.3833326575149499,1.2167181679572615e-05,0.7978885488455489
1.5651376146788993,0.21825938616308824,1.2474857195825666e-05,1.0000096385974757,1.5651376146788993,0.38331291180287763,1.2174123262518033e-05,0.7973925231708563
1.563302752293578,0.21841545263938986,1.2483787026230493e-05,1.0000088633505584,1.563302752293578,0.38329321093349333,1.2181069455177064e-05,0.796896854492843
1.561467889908257,0.21857171258104202,1.2492729642588243e-05,1.0000079508736235,1.561467889908257,0.3832735562870319,1.2188020264977282e-05,0.7964015451461819
1.559633027522936,0.2187281674134333,1.2501685071176678e-05,1.000006905878763,1.559633027522936,0.38325394923205913,1.2194975699387165e-05,0.7959065974337136
1.5577981651376147,0.21888481855817335,1.2510653338388461e-05,1.000005733038961,1.5577981651376147,0.38323439113112595,1.220193576591608e-05,0.7954120136382699
1.5559633027522937,0.21904166742629888,1.251963447073115e-05,1.0000044369571697,1.5559633027522937,0.38321488334161885,1.2208900472114278e-05,0.7949177960244924
1.5541284403669726,0.21919871542161762,1.25286284948272e-05,1.0000030221817724,1.5541284403669726,0.38319542721442046,1.2215869825572906e-05,0.7944239468361047
1.5522935779816516,0.21935596394047546,1.2537635437413968e-05,1.0000014932056729,1.5522935779816516,0.3831760240960762,1.2222843833924003e-05,0.7939304683004593
1.5504587155963305,0.21951341437092386,1.2546655325343703e-05,0.9999998544626578,1.5504587155963305,0.38315667532086783,1.2229822504840498e-05,0.7934373626121669
1.5486238532110093,0.21967106809228334,1.2555688185583558e-05,0.9999981103255777,1.5486238532110093,0.38313738222219507,1.2236805846036208e-05,0.7929446319567433
1.5467889908256882,0.21982892647650396,1.2564734045215574e-05,0.9999962651127134,1.5467889908256882,0.383118146125529,1.2243793865265843e-05,0.7924522784960573
1.5449541284403672,0.21998699088773177,1.25737929314367e-05,0.9999943230859571,1.5449541284403672,0.38309896834970064,1.2250786570325006e-05,0.7919603043710595
1.543119266055046,0.22014526268067142,1.2582864871558779e-05,0.9999922884435364,1.543119266055046,0.3830798502024709,1.225778396905019e-05,0.7914687116926871
1.5412844036697249,0.2203037432033498,1.2591949893008547e-05,0.999990165332747,1.5412844036697249,0.38306079299370416,1.2264786069318772e-05,0.7909775025691488
1.5394495412844038,0.22046243379528035,1.2601048023327643e-05,0.9999879578417676,1.5394495412844038,0.38304179802214466,1.2271792879049032e-05,0.79048667907864
1.5376146788990828,0.22062133578842816,1.2610159290172603e-05,0.9999856700042073,1.5376146788990828,0.38302286657758017,1.2278804406200133e-05,0.7899962432738903
1.5357798165137617,0.22078045050617112,1.2619283721314858e-05,0.999983305794558,1.5357798165137617,0.3830039999487505,1.228582065877213e-05,0.7895061971985342
1.5339449541284405,0.220939779263664,1.262842134464074e-05,0.9999808691300132,1.5339449541284405,0.3829851994149474,1.229284164480597e-05,0.789016542869831
1.5321100917431194,0.2210993233680019,1.2637572188151477e-05,0.999978363871378,1.5321100917431194,0.38296646624818825,1.229986737238349e-05,0.7885272822832121
1.5302752293577984,0.22125908411919012,1.2646736279963192e-05,0.9999757938276161,1.5302752293577984,0.38294780171628023,1.2306897849627418e-05,0.7880384174186474
1.528440366972477,0.22141906280829887,1.2655913648306911e-05,0.9999731627476649,1.528440366972477,0.38292920708103134,1.2313933084701378e-05,0.7875499502370076
1.526605504587156,0.22157926071943843,1.2665104321528553e-05,0.9999704743295297,1.526605504587156,0.3829106835933574,1.2320973085809874e-05,0.7870618826700593
1.524770642201835,0.22173967912589496,1.2674308328088936e-05,0.9999677322030038,1.524770642201835,0.3828922325007691,1.2328017861198312e-05,0.7865742166359269
1.522935779816514,0.22190031929714757,1.2683525696563778e-05,0.9999649399615009,1.522935779816514,0.38287385504823984,1.2335067419152981e-05,0.7860869540409112
1.521100917431193,0.22206118249056633,1.269275645564369e-05,0.9999621011247655,1.521100917431193,0.3828555524653369,1.2342121768001067e-05,0.7856000967531145
1.5192660550458716,0.2222222699586371,1.2702000634134187e-05,0.9999592191716147,1.5192660550458716,0.3828373259825777,1.2349180916110643e-05,0.7851136466360913
1.5174311926605506,0.22238358294367733,1.2711258260955674e-05,0.9999562975162917,1.5174311926605506,0.38281917682166233,1.2356244871890673e-05,0.7846276055288399
1.5155963302752296,0.22254512268082813,1.272052936514346e-05,0.9999533395221079,1.5155963302752296,0.3828011061976604,1.2363313643791015e-05,0.7841419752503498
1.5137614678899083,0.22270689039741276,1.272981397584775e-05,0.9999503484987144,1.5137614678899083,0.382783115317651,1.2370387240302416e-05,0.7836567575968729
1.5119266055045872,0.22286888731168455,1.273911212233364e-05,0.9999473276966455,1.5119266055045872,0.38276520538424796,1.237746566995651e-05,0.7831719543492
1.5100917431192662,0.2230311146354236,1.2748423833981136e-05,0.9999442803191414,1.5100917431192662,0.3827473775955791,1.238454894132583e-05,0.7826875672726601
1.5082568807339451,0.22319357357126665,1.2757749140285131e-05,0.9999412095103253,1.5082568807339451,0.38272963313859054,1.2391637063023794e-05,0.7822035981034787
1.506422018348624,0.22335626531307234,1.2767088070855423e-05,0.9999381183570222,1.506422018348624,0.3827119731965761,1.2398730043704714e-05,0.7817200485642388
1.5045871559633028,0.22351919104954143,1.2776440655416701e-05,0.9999350099051298,1.5045871559633028,0.38269439894693147,1.240582789206379e-05,0.7812369203593335
1.5027522935779818,0.2236823519584936,1.2785806923808558e-05,0.9999318871341529,1.5027522935779818,0.3826769115589007,1.2412930616837115e-05,0.7807542151704183
1.5009174311926607,0.22384574920987427,1.2795186905985477e-05,0.9999287529708454,1.5009174311926607,0.3826595121948833,1.2420038226801673e-05,0.7802719346591402
1.4990825688073395,0.22400938396714457,1.2804580632016847e-05,0.9999256102955769,1.4990825688073395,0.3826422020126383,1.2427150730775338e-05,0.7797900804716846
1.4972477064220184,0.22417325738459937,1.2813988132086948e-05,0.9999224619305096,1.4972477064220184,0.38262498216169105,1.2434268137616875e-05,0.7793086542314995
1.4954128440366974,0.2243373706095708,1.2823409436494963e-05,0.9999193106496023,1.4954128440366974,0.3826078537886634,1.244139045622594e-05,0.7788276575502096
1.4935779816513763,0.2245017247797403,1.2832844575654967e-05,0.9999161591667871,1.4935779816513763,0.3825908180301054,1.2448517695543083e-05,0.778347092013064
1.4917431192660553,0.22466632102697898,1.2842293580095938e-05,0.9999130101532501,1.4917431192660553,0.3825738760178261,1.2455649864549738e-05,0.7778669591898506
1.489908256880734,0.224831160472001,1.285175648046175e-05,0.999909866213784,1.489908256880734,0.3825570288735022,1.2462786972268238e-05,0.777387260623982
1.488073394495413,0.2249962442296364,1.2861233307511171e-05,0.9999067299104354,1.488073394495413,0.38254027771714977,1.24699290277618e-05,0.7769079978497757
1.486238532110092,0.2251615734073684,1.2870724092117871e-05,0.9999036037561382,1.486238532110092,0.3825236236617356,1.2477076040134536e-05,0.7764291723815404
1.4844036697247707,0.2253271491024291,1.2880228865270418e-05,0.9999004902019806,1.4844036697247707,0.38250706781090776,1.248422801853145e-05,0.7759507857090284
1.4825688073394496,0.22549297240626673,1.288974765807227e-05,0.999897391657214,1.4825688073394496,0.3824906112656903,1.249138497213843e-05,0.7754728393110781
1.4807339449541286,0.22565904439979603,1.2899280501741793e-05,0.9998943104683349,1.4807339449541286,0.38247425511549177,1.2498546910182264e-05,0.7749953346374241
1.4788990825688075,0.22582536615828125,1.2908827427612245e-05,0.9998912489409122,1.4788990825688075,0.38245800044839406,1.2505713841930624e-05,0.7745182731296154
1.4770642201834865,0.22599193874699122,1.2918388467131781e-05,0.9998882093204884,1.4770642201834865,0.3824418483430528,1.2512885776692078e-05,0.7740416562046448
1.4752293577981652,0.22615876322526923,1.2927963651863459e-05,0.9998851938107691,1.4752293577981652,0.38242579987315944,1.2520062723816081e-05,0.7735654852640437
1.4733944954128442,0.2263258406425918,1.2937553013485226e-05,0.9998822045563429,1.4733944954128442,0.3824098561051707,1.2527244692692981e-05,0.7730897616893344
1.4715596330275231,0.22649317204037905,1.2947156583789935e-05,0.9998792436508666,1.4715596330275231,0.3823940180964798,1.2534431692754015e-05,0.7726144868383926
1.4697247706422019,0.2266607584540188,1.2956774394685334e-05,0.9998763131461601,1.4697247706422019,0.38237828690664394,1.2541623733471316e-05,0.7721396620681844
1.4678899082568808,0.22682860090767862,1.2966406478194061e-05,0.9998734150294695,1.4678899082568808,0.38236266357665283,1.2548820824357901e-05,0.7716652886929296
1.4660550458715598,0.22699670042127704,1.2976052866453666e-05,0.9998705512543893,1.4660550458715598,0.3823471491523164,1.2556022974967682e-05,0.7711913680313955
1.4642201834862387,0.22716505800322775,1.2985713591716584e-05,0.9998677237090305,1.4642201834862387,0.38233174466261527,1.256323019489546e-05,0.7707179013632413
1.4623853211009177,0.22733367465679996,1.2995388686350155e-05,0.999864934244215,1.4623853211009177,0.38231645113996027,1.257044249377693e-05,0.7702448899699448
1.4605504587155964,0.22750255137471107,1.3005078182836614e-05,0.9998621846498281,1.4605504587155964,0.3823012696048377,1.2577659881288678e-05,0.7697723351038803
1.4587155963302754,0.22767168914260041,1.3014782113773091e-05,0.9998594766702809,1.4587155963302754,0.38228620107028793,1.2584882367148174e-05,0.7693002379974132
1.4568807339449543,0.2278410889387882,1.3024500511871621e-05,0.9998568120035998,1.4568807339449543,0.38227124654549505,1.2592109961113786e-05,0.7688285998701758
1.455045871559633,0.2280107517334109,1.3034233409959128e-05,0.9998541922977893,1.455045871559633,0.382256407033507,1.2599342672984774e-05,0.7683574219245202
1.453211009174312,0.22818067848693022,1.304398084097744e-05,0.9998516191444651,1.453211009174312,0.38224168352894694,1.2606580512601281e-05,0.7678867053409704
1.451376146788991,0.22835087015424374,1.305374283798328e-05,0.9998490940970441,1.451376146788991,0.3822270770211541,1.2613823489844346e-05,0.7674164512845891
1.44954128440367,0.22852132767945973,1.3063519434148267e-05,0.9998466186480073,1.44954128440367,0.3822125884914425,1.2621071614635901e-05,0.7669466608995208
1.4477064220183489,0.22869205200104983,1.3073310662758922e-05,0.9998441942516365,1.4477064220183489,0.38219821891896655,1.2628324896938768e-05,0.7664773353208147
1.4458715596330276,0.2288630440491141,1.308311655721666e-05,0.9998418223121917,1.4458715596330276,0.3821839692711796,1.2635583346756656e-05,0.766008475655326
1.4440366972477066,0.22903430474388334,1.3092937151037795e-05,0.9998395041775439,1.4440366972477066,0.382169840511512,1.2642846974134164e-05,0.7655400829971768
1.4422018348623855,0.22920583499901098,1.3102772477853538e-05,0.9998372411537275,1.4422018348623855,0.3821558335966281,1.2650115789156792e-05,0.7650721584222993
1.4403669724770642,0.22937763572049696,1.3112622571409999e-05,0.9998350345003928,1.4403669724770642,0.3821419494773088,1.2657389801950921e-05,0.7646047029902547
1.4385321100917432,0.22954970780539888,1.3122487465568183e-05,0.9998328854253486,1.4385321100917432,0.3821281890984287,1.2664669022683826e-05,0.7641377177442337
1.4366972477064222,0.22972205214283545,1.3132367194303994e-05,0.9998307950891103,1.4366972477064222,0.3821145533957474,1.2671953461563675e-05,0.7636712037046891
1.434862385321101,0.22989466961332172,1.3142261791708238e-05,0.9998287646021708,1.434862385321101,0.382101043299064,1.2679243128839523e-05,0.7632051618757032
1.43302752293578,0.23006756109186818,1.3152171291986609e-05,0.9998267950386435,1.43302752293578,0.3820876597362947,1.268653803480132e-05,0.7627395932531726
1.4311926605504588,0.2302407274427165,1.3162095729459707e-05,0.9998248874135243,1.4311926605504588,0.38207440362297607,1.2693838189779903e-05,0.7622744988038903
1.4293577981651377,0.2304141695222257,1.3172035138563027e-05,0.9998230426954251,1.4293577981651377,0.38206127587271416,1.2701143604147002e-05,0.7618098794864636
1.4275229357798167,0.23058788818030287,1.318198955384696e-05,0.9998212618129401,1.4275229357798167,0.3820482773875889,1.2708454288315239e-05,0.7613457362322151
1.4256880733944954,0.2307618842582724,1.31919590099768e-05,0.9998195456455505,1.4256880733944954,0.3820354090686179,1.2715770252738127e-05,0.760882069966101
1.4238532110091744,0.23093615858862526,1.3201943541732728e-05,0.9998178950227157,1.4238532110091744,0.3820226718079795,1.2723091507910065e-05,0.7604188815912494
1.4220183486238533,0.23111071199666033,1.3211943184009831e-05,0.9998163107311484,1.4220183486238533,0.3820100664903534,1.2730418064366349e-05,0.7599561719916892
1.4201834862385323,0.23128554529855577,1.3221957971818096e-05,0.9998147935066299,1.4201834862385323,0.38199759399518,1.2737749932683165e-05,0.7594939420368974
1.4183486238532113,0.23146065930406395,1.32319879402824e-05,0.9998133440458332,1.4183486238532113,0.3819852551957242,1.2745087123477585e-05,0.7590321925799799
1.41651376146789,0.2316360548128974,1.3242033124642523e-05,0.9998119629908615,1.41651376146789,0.3819730509572196,1.275242964740758e-05,0.758570924454034
1.414678899082569,0.2318117326199548,1.3252093560253138e-05,0.9998106509519857,1.414678899082569,0.38196098214188084,1.2759777515172001e-05,0.7581101384821523
1.412844036697248,0.23198769350706488,1.3262169282583822e-05,0.9998094084721743,1.412844036697248,0.38194904959971826,1.2767130737510602e-05,0.7576498354592331
1.4110091743119266,0.23216393825369974,1.3272260327219043e-05,0.999808236073477,1.4110091743119266,0.3819372541822606,1.277448932520402e-05,0.7571900161792655
1.4091743119266056,0.23234046762723606,1.328236672985817e-05,0.9998071342151889,1.4091743119266056,0.38192559672648735,1.2781853289073785e-05,0.7567306814034964
1.4073394495412845,0.2325172823886123,1.3292488526315471e-05,0.9998061033184058,1.4073394495412845,0.38191407806810074,1.278922263998232e-05,0.7562718318868065
1.4055045871559635,0.23269438328975633,1.3302625752520107e-05,0.9998051437551112,1.4055045871559635,0.38190269903232554,1.2796597388832933e-05,0.7558134683595199
1.4036697247706424,0.23287177107629714,1.331277844451614e-05,0.9998042558599991,1.4036697247706424,0.381891460443529,1.280397754656983e-05,0.755355591546504
1.4018348623853212,0.23304944648392947,1.3322946638462534e-05,0.9998034399150129,1.4018348623853212,0.3818803631141715,1.2811363124178106e-05,0.7548982021453412
1.4000000000000001,0.23322741024176227,1.3333130370633139e-05,0.999802696163897,1.4000000000000001,0.38186940785581436,1.2818754132683743e-05,0.754441300848157
1.398165137614679,0.2334056630686769,1.3343329677416713e-05,0.9998020247967361,1.398165137614679,0.38185859546483336,1.282615058315362e-05,0.7539848883134255
1.3963302752293578,0.23358420567944183,1.3353544595316907e-05,0.9998014259763295,1.3963302752293578,0.38184792674034324,1.28335524866955e-05,0.7535289652014399
1.3944954128440368,0.23376303877724686,1.3363775160952271e-05,0.9998008998063597,1.3944954128440368,0.3818374024694443,1.2840959854458042e-05,0.7530735321452084
1.3926605504587157,0.23394216305726873,1.3374021411056251e-05,0.9998004463468533,1.3926605504587157,0.38182702343594854,1.2848372697630796e-05,0.7526185897677351
1.3908256880733947,0.23412157921025323,1.3384283382477192e-05,0.9998000656296426,1.3908256880733947,0.38181679041482486,1.2855791027444201e-05,0.7521641386711053
1.3889908256880736,0.23430128791417815,1.3394561112178339e-05,0.9997997576228954,1.3889908256880736,0.38180670417724993,1.2863214855169585e-05,0.7517101794464907
1.3871559633027524,0.23448128984230182,1.340485463723783e-05,0.9997995222656755,1.3871559633027524,0.381796765484121,1.2870644192119175e-05,0.7512567126614158
1.3853211009174313,0.23466158565844122,1.3415163994848701e-05,0.999799359447934,1.3853211009174313,0.3817869750920327,1.2878079049646077e-05,0.750803738871582
1.3834862385321103,0.23484217601885038,1.342548922231889e-05,0.9997992690186948,1.3834862385321103,0.3817773337527974,1.2885519439144297e-05,0.7503512586199577
1.381651376146789,0.23502306157154235,1.343583035707123e-05,0.999799250783326,1.381651376146789,0.3817678422097219,1.289296537204873e-05,0.7498992724295022
1.379816513761468,0.23520424295710532,1.3446187436643448e-05,0.999799304507178,1.379816513761468,0.38175850119896726,1.290041685983516e-05,0.7494477808058946
1.377981651376147,0.2353857208067392,1.3456560498688176e-05,0.999799429907398,1.377981651376147,0.38174931145091423,1.2907873914020263e-05,0.7489967842402621
1.3761467889908259,0.2355674957443547,1.3466949580972938e-05,0.9997996266620248,1.3761467889908259,0.38174027369060554,1.2915336546161606e-05,0.7485462832100893
1.3743119266055048,0.23574956838589378,1.3477354721380158e-05,0.9997998944072606,1.3743119266055048,0.381731388635868,1.2922804767857649e-05,0.7480962781755807
1.3724770642201836,0.23593193934036435,1.348777595790716e-05,0.9998002327420181,1.3724770642201836,0.38172265699868113,1.2930278590747739e-05,0.7476467695823885
1.3706422018348625,0.23611460920572458,1.3498213328666156e-05,0.9998006412106406,1.3706422018348625,0.38171407948283126,1.2937758026512114e-05,0.7471977578570659
1.3688073394495415,0.2362975785750662,1.3508666871884266e-05,0.9998011193292768,1.3688073394495415,0.3817056567885325,1.2945243086871908e-05,0.7467492434161613
1.3669724770642202,0.2364808480320702,1.3519136625903505e-05,0.9998016665667819,1.3669724770642202,0.38169738960496863,1.2952733783589142e-05,0.7463012266516671
1.3651376146788992,0.23666441815139305,1.3529622629180781e-05,0.9998022823465362,1.3651376146788992,0.3816892786190994,1.2960230128466726e-05,0.7458537079482994
1.3633027522935781,0.2368482895022868,1.3540124920287907e-05,0.9998029660619068,1.3633027522935781,0.3816813245114585,1.2967732133348467e-05,0.7454066876753132
1.361467889908257,0.2370324626427484,1.3550643537911588e-05,0.9998037170516909,1.361467889908257,0.3816735279519361,1.2975239810119056e-05,0.7449601661783163
1.359633027522936,0.23721693812529435,1.3561178520853429e-05,0.9998045346246727,1.359633027522936,0.38166588960720366,1.2982753170704082e-05,0.7445141437938219
1.3577981651376148,0.23740171649390843,1.3571729908029931e-05,0.9998054180468898,1.3577981651376148,0.3816584101397661,1.299027222707002e-05,0.744068620847429
1.3559633027522937,0.23758679828270354,1.3582297738472494e-05,0.9998063665361769,1.3559633027522937,0.3816510901995439,1.2997796991224235e-05,0.7436235976374519
1.3541284403669727,0.237772184020418,1.3592882051327416e-05,0.9998073792812647,1.3541284403669727,0.3816439304350407,1.3005327475214988e-05,0.7431790744567479
1.3522935779816514,0.23795787422562428,1.3603482885855891e-05,0.9998084554217712,1.3522935779816514,0.38163693148585776,1.3012863691131428e-05,0.7427350515781654
1.3504587155963304,0.23814386940993104,1.361410028143401e-05,0.9998095940618441,1.3504587155963304,0.3816300939873396,1.3020405651103593e-05,0.742291529263639
1.3486238532110093,0.2383301700764306,1.3624734277552768e-05,0.9998107942637944,1.3486238532110093,0.381623418563539,1.3027953367302417e-05,0.7418485077505466
1.3467889908256883,0.2385167767211764,1.3635384913818047e-05,0.9998120550544627,1.3467889908256883,0.38161690583841495,1.3035506851939718e-05,0.7414059872735379
1.3449541284403672,0.23870368983075918,1.3646052229950634e-05,0.999813375415215,1.3449541284403672,0.381610556425992,1.3043066117268212e-05,0.7409639680454347
1.343119266055046,0.2388909098846527,1.3656736265786217e-05,0.9998147542919469,1.343119266055046,0.38160437093313854,1.3050631175581505e-05,0.7405224502626879
1.341284403669725,0.2390784373540899,1.366743706127537e-05,0.9998161905905363,1.341284403669725,0.38159834996141756,1.3058202039214085e-05,0.7400814341090154
1.3394495412844039,0.2392662727015883,1.3678154656483573e-05,0.9998176831750243,1.3394495412844039,0.3815924941075364,1.3065778720541342e-05,0.7396409197563116
1.3376146788990826,0.23945441638286769,1.3688889091591204e-05,0.9998192308758007,1.3376146788990826,0.38158680396004174,1.3073361231979554e-05,0.7392009073582813
1.3357798165137615,0.23964286884507177,1.3699640406893536e-05,0.9998208324823281,1.3357798165137615,0.3815812800983522,1.3080949585985885e-05,0.73876139704862
1.3339449541284405,0.2398316305258539,1.3710408642800737e-05,0.9998224867395038,1.3339449541284405,0.3815759231007178,1.3088543795058393e-05,0.7383223889564761
1.3321100917431195,0.2400207018581354,1.372119383983788e-05,0.9998241923676687,1.3321100917431195,0.3815707335362183,1.3096143871736032e-05,0.7378838831909889
1.3302752293577984,0.240210083264179,1.3731996038644927e-05,0.9998259480380511,1.3302752293577984,0.3815657119680249,1.310374982859864e-05,0.7374458798476553
1.3284403669724771,0.2403997751583821,1.3742815279976747e-05,0.99982775238459,1.3284403669724771,0.38156085895102587,1.3111361678266946e-05,0.7370083790037825
1.326605504587156,0.2405897779474563,1.3753651604703095e-05,0.9998296040048444,1.326605504587156,0.38155617503509565,1.3118979433402575e-05,0.736571380724854
1.324770642201835,0.2407800920306086,1.3764505053808636e-05,0.9998315014609034,1.324770642201835,0.38155166076460517,1.3126603106708039e-05,0.7361348850636205
1.3229357798165138,0.2409707177984076,1.3775375668392926e-05,0.9998334432748379,1.3229357798165138,0.3815473166755717,1.3134232710926745e-05,0.7356988920546428
1.3211009174311927,0.2411616556342769,1.3786263489670417e-05,0.9998354279350679,1.3211009174311927,0.38154314330082145,1.3141868258842982e-05,0.7352634017242963
1.3192660550458717,0.24135290591226372,1.3797168558970462e-05,0.9998374538872667,1.3192660550458717,0.3815391411628941,1.314950976328194e-05,0.7348284140771284
1.3174311926605506,0.24154446899875143,1.3808090917737312e-05,0.9998395195416379,1.3174311926605506,0.3815353107782602,1.3157157237109696e-05,0.7343939291040442
1.3155963302752296,0.2417363452528609,1.3819030607530112e-05,0.9998416232747331,1.3155963302752296,0.3815316526601371,1.3164810693233218e-05,0.7339599467877633
1.3137614678899083,0.24192853502465336,1.382998767002291e-05,0.9998437634221773,1.3137614678899083,0.3815281673104334,1.3172470144600363e-05,0.7335264670873585
1.3119266055045873,0.24212103865706877,1.3840962147004646e-05,0.9998459382868532,1.3119266055045873,0.38152485523012525,1.3180135604199882e-05,0.7330934899582644
1.3100917431192662,0.24231385648368495,1.385195408037916e-05,0.999848146129807,1.3100917431192662,0.3815217169102518,1.3187807085061414e-05,0.7326610153349975
1.308256880733945,0.24250698883308464,1.3862963512165193e-05,0.9998503851884379,1.308256880733945,0.3815187528366209,1.3195484600255492e-05,0.7322290431402507
1.306422018348624,0.242700436021542,1.3873990484496377e-05,0.9998526536464851,1.306422018348624,0.38151596348599714,1.320316816289354e-05,0.7317975732776176
1.3045871559633029,0.24289419835937343,1.3885035039621246e-05,0.9998549496604028,1.3045871559633029,0.3815133493317644,1.3210857786127868e-05,0.7313666056425063
1.3027522935779818,0.24308827615068399,1.389609721990323e-05,0.9998572713584508,1.3027522935779818,0.381510910841065,1.3218553483151681e-05,0.7309361401166825
1.3009174311926608,0.24328266968780293,1.390717706782066e-05,0.9998596168179574,1.3009174311926608,0.381508648471452,1.3226255267199077e-05,0.730506176561903
1.2990825688073395,0.24347737925809382,1.391827462596676e-05,0.9998619840935135,1.2990825688073395,0.3815065626779872,1.323396315154504e-05,0.7300767148335581
1.2972477064220185,0.2436724051399373,1.3929389937049653e-05,0.9998643712006015,1.2972477064220185,0.38150465390562127,1.3241677149505448e-05,0.7296477547661198
1.2954128440366974,0.24386774760290864,1.394052304389236e-05,0.9998667761165052,1.2954128440366974,0.3815029225958222,1.3249397274437068e-05,0.7292192961858746
1.2935779816513762,0.24406340690862294,1.3951673989432804e-05,0.9998691967839477,1.2935779816513762,0.3815013691813249,1.3257123539737561e-05,0.7287913389009191
1.2917431192660551,0.24425938331202782,1.3962842816723795e-05,0.9998716311165481,1.2917431192660551,0.3814999940889598,1.3264855958845475e-05,0.728363882706617
1.289908256880734,0.24445567705914542,1.397402956893305e-05,0.9998740769897267,1.289908256880734,0.38149879774058604,1.327259454524025e-05,0.7279369273874181
1.288073394495413,0.24465228838680594,1.3985234289343183e-05,0.9998765322397958,1.288073394495413,0.38149778054782685,1.3280339312442222e-05,0.7275104727068538
1.286238532110092,0.2448492175266112,1.3996457021351698e-05,0.9998789946803299,1.286238532110092,0.3814969429225351,1.3288090274012609e-05,0.7270845184275458
1.2844036697247707,0.2450464646993338,1.4007697808471008e-05,0.9998814620794292,1.2844036697247707,0.3814962852634209,1.3295847443553528e-05,0.7266590642857409
1.2825688073394497,0.24524403011932638,1.4018956694328413e-05,0.9998839321779087,1.2825688073394497,0.3814958079660427,1.3303610834707982e-05,0.7262341100104095
1.2807339449541286,0.24544191399225568,1.4030233722666115e-05,0.9998864026802039,1.2807339449541286,0.3814955114189706,1.331138046115987e-05,0.7258096553159703
1.2788990825688074,0.2456401165148357,1.404152893734122e-05,0.9998888712534608,1.2788990825688074,0.3814953960037624,1.3319156336633972e-05,0.7253856999022901
1.2770642201834863,0.2458386378788086,1.4052842382325716e-05,0.9998913355439072,1.2770642201834863,0.3814954620949401,1.3326938474895971e-05,0.7249622434546836
1.2752293577981653,0.24603747826442662,1.4064174101706504e-05,0.999893793150477,1.2752293577981653,0.3814957100633183,1.3334726889752431e-05,0.7245392856502804
1.2733944954128442,0.2462366378462209,1.4075524139685374e-05,0.9998962416484574,1.2733944954128442,0.3814961402721562,1.3342521595050815e-05,0.7241168261507482
1.2715596330275232,0.24643611678983207,1.408689254057902e-05,0.9998986785767556,1.2715596330275232,0.38149675307521536,1.3350322604679472e-05,0.7236948645986558
1.269724770642202,0.2466359152508445,1.4098279348819026e-05,0.9999011014333519,1.269724770642202,0.3814975488229645,1.3358129932567645e-05,0.7232734006292958
1.2678899082568809,0.24683603338124818,1.4109684608951879e-05,0.9999035077016742,1.2678899082568809,0.381498527859207,1.3365943592685461e-05,0.7228524338643183
1.2660550458715598,0.2470364713217769,1.4121108365638961e-05,0.9999058948196762,1.2660550458715598,0.381499690520578,1.3373763599043948e-05,0.7224319639108217
1.2642201834862385,0.24723722920522706,1.4132550663656558e-05,0.9999082601934788,1.2642201834862385,0.3815010371374814,1.338158996569502e-05,0.7220119903631712
1.2623853211009175,0.24743830715776804,1.414401154789584e-05,0.9999106012028278,1.2623853211009175,0.38150256803454907,1.3389422706731477e-05,0.7215925128039089
1.2605504587155965,0.24763970529597884,1.4155491063362888e-05,0.9999129151892703,1.2605504587155965,0.3815042835258102,1.339726183628702e-05,0.7211735307946583
1.2587155963302754,0.2478414237301823,1.4166989255178674e-05,0.9999151994697968,1.2587155963302754,0.3815061839257292,1.3405107368536231e-05,0.7207550438970429
1.2568807339449544,0.24804346256080204,1.417850616857907e-05,0.9999174513222897,1.2568807339449544,0.381508269537162,1.3412959317694592e-05,0.720337051649949
1.255045871559633,0.24824582188147462,1.4190041848914848e-05,0.999919667998256,1.255045871559633,0.3815105406585484,1.3420817698018471e-05,0.7199195535831677
1.253211009174312,0.24844850177788405,1.4201596341651668e-05,0.99992184671828,1.253211009174312,0.3815129975819673,1.3428682523805125e-05,0.7195025492137574
1.251376146788991,0.24865150232681674,1.4213169692370098e-05,0.999923984668385,1.251376146788991,0.3815156405921502,1.3436553809392708e-05,0.7190860380442246
1.2495412844036697,0.248854823596343,1.42247619467656e-05,0.999926079000943,1.2495412844036697,0.3815184699664562,1.3444431569160258e-05,0.7186700195625235
1.2477064220183487,0.2490584656487184,1.423637315064853e-05,0.9999281268464983,1.2477064220183487,0.3815214859791964,1.345231581752771e-05,0.7182544932502424
1.2458715596330276,0.24926242853717753,1.4248003349944149e-05,0.9999301253010344,1.2458715596330276,0.38152468889485386,1.3460206568955886e-05,0.7178394585698697
1.2440366972477066,0.2494667123054354,1.425965259069261e-05,0.9999320714241549,1.2440366972477066,0.3815280789724052,1.34681038379465e-05,0.7174249149729803
1.2422018348623856,0.24967131699218167,1.4271320919048964e-05,0.9999339622572734,1.2422018348623856,0.38153165646675363,1.3476007639042157e-05,0.7170108619029634
1.2403669724770643,0.24987624262514313,1.4283008381283164e-05,0.999935794799967,1.2403669724770643,0.3815354216209666,1.3483917986826355e-05,0.7165972987804707
1.2385321100917432,0.25008148922512424,1.4294715023780053e-05,0.9999375660263468,1.2385321100917432,0.3815393746764128,1.349183489592348e-05,0.7161842250225163
1.2366972477064222,0.2502870568057433,1.4306440893039381e-05,0.9999392728841485,1.2366972477064222,0.3815435158679068,1.3499758380998809e-05,0.7157716400333811
1.234862385321101,0.2504929453711163,1.4318186035675787e-05,0.9999409122856378,1.234862385321101,0.38154784542029124,1.3507688456758514e-05,0.7153595431982467
1.2330275229357799,0.2506991549183177,1.4329950498418813e-05,0.9999424811176141,1.2330275229357799,0.38155236355520006,1.351562513794965e-05,0.7149479338959281
1.2311926605504588,0.250905685435061,1.4341734328112895e-05,0.9999439762323163,1.2311926605504588,0.3815570704852186,1.3523568439360172e-05,0.7145368114879602
1.2293577981651378,0.25111253690467694,1.435353757171737e-05,0.9999453944674315,1.2293577981651378,0.3815619664221159,1.3531518375818918e-05,0.7141261753340586
1.2275229357798167,0.2513197092969439,1.4365360276306471e-05,0.9999467326097147,1.2275229357798167,0.3815670515612793,1.3539474962195625e-05,0.7137160247630163
1.2256880733944955,0.2515272025776317,1.4377202489069332e-05,0.9999479874331882,1.2256880733944955,0.38157232610258496,1.3547438213400914e-05,0.7133063591118116
1.2238532110091744,0.2517350167036691,1.4389064257309975e-05,0.9999491556800422,1.2238532110091744,0.38157779022996213,1.35554081443863e-05,0.7128971776874096
1.2220183486238534,0.25194315162286945,1.440094562844733e-05,0.9999502340597246,1.2220183486238534,0.3815834441279048,1.3563384770144186e-05,0.7124884797976847
1.2201834862385321,0.25215160727571984,1.4412846650015223e-05,0.9999512192562179,1.2201834862385321,0.381589287970749,1.3571368105707875e-05,0.7120802647314122
1.218348623853211,0.2523603835948828,1.4424767369662367e-05,0.9999521079262195,1.218348623853211,0.38159532192751644,1.3579358166151546e-05,0.7116725317673627
1.21651376146789,0.2525694805051566,1.4436707835152391e-05,0.999952896699142,1.21651376146789,0.38160154616140907,1.3587354966590283e-05,0.711265280173393
1.214678899082569,0.25277889792205377,1.4448668094363804e-05,0.9999535821716563,1.214678899082569,0.3816079608253949,1.3595358522180053e-05,0.7108585091982604
1.212844036697248,0.25298863575474667,1.4460648195290024e-05,0.9999541609195148,1.212844036697248,0.3816145660724346,1.3603368848117717e-05,0.7104522180907225
1.2110091743119267,0.2531986939023473,1.4472648186039363e-05,0.9999546294829997,1.2110091743119267,0.38162136204374775,1.3611385959641026e-05,0.7100464060777085
1.2091743119266056,0.2534090722577757,1.4484668114835028e-05,0.9999549843823843,1.2091743119266056,0.381628348876112,1.361940987202862e-05,0.7096410723779627
1.2073394495412846,0.25361977070565017,1.4496708030015126e-05,0.9999552221097474,1.2073394495412846,0.3816355266998907,1.3627440600600035e-05,0.7092362161984056
1.2055045871559633,0.253830789122244,1.4508767980032665e-05,0.9999553391289737,1.2055045871559633,0.38164289563999015,1.3635478160715694e-05,0.7088318367359534
1.2036697247706423,0.2540421273742871,1.4520848013455543e-05,0.999955331871206,1.2036697247706423,0.3816504558104523,1.364352256777691e-05,0.7084279331675134
1.2018348623853212,0.25425378532284937,1.4532948178966563e-05,0.9999551967503066,1.2018348623853212,0.3816582073252057,1.365157383722589e-05,0.7080245046699929
1.2000000000000002,0.2544657628191427,1.454506852536342e-05,0.9999549301464867,1.2000000000000002,0.38166615028530876,1.3659631984545733e-05,0.7076215503966523
1.1981651376146791,0.25467805970794594,1.4557209101558713e-05,0.9999545284199485,1.1981651376146791,0.3816742847906897,1.3667697025260421e-05,0.7072190694989331
1.1963302752293579,0.254890675825715,1.4569369956579932e-05,0.9999539879036092,1.1963302752293579,0.3816826109337562,1.3675768974934839e-05,0.7068170611146343
1.1944954128440368,0.25510361099891554,1.4581551139569466e-05,0.9999533048967351,1.1944954128440368,0.38169112879642236,1.368384784917475e-05,0.7064155243624555
1.1926605504587158,0.25531686504838547,1.4593752699784607e-05,0.9999524756822211,1.1926605504587158,0.38169983845892685,1.3691933663626818e-05,0.7060144583583678
1.1908256880733945,0.2555304377862807,1.4605974686597539e-05,0.9999514965147682,1.1908256880733945,0.38170873999441324,1.3700026433978596e-05,0.7056138622056096
1.1889908256880735,0.2557443290146354,1.4618217149495342e-05,0.9999503636154259,1.1889908256880735,0.3817178334644762,1.3708126175958523e-05,0.7052137349865006
1.1871559633027524,0.2559585385302,1.463048013808e-05,0.9999490731906917,1.1871559633027524,0.3817271189314402,1.3716232905335933e-05,0.7048140757851797
1.1853211009174314,0.2561730661213816,1.4642763702068392e-05,0.9999476214206879,1.1853211009174314,0.38173659644751645,1.372434663792105e-05,0.7044148836675959
1.1834862385321103,0.256387911566801,1.4655067891292292e-05,0.9999460044537045,1.1834862385321103,0.3817462660582223,1.3732467389564992e-05,0.7040161576878745
1.181651376146789,0.2566030746387448,1.4667392755698377e-05,0.9999442184198415,1.181651376146789,0.38175612780334733,1.3740595176159761e-05,0.7036178968901368
1.179816513761468,0.25681855510056006,1.4679738345348213e-05,0.9999422594210046,1.179816513761468,0.3817661817164397,1.3748730013638257e-05,0.7032201003075897
1.177981651376147,0.2570343527070765,1.4692104710418273e-05,0.9999401235327241,1.177981651376147,0.38177642782231586,1.3756871917974265e-05,0.7028227669579792
1.1761467889908257,0.2572504672073695,1.4704491901199925e-05,0.999937806815069,1.1761467889908257,0.3817868661449422,1.3765020905182466e-05,0.7024258958581413
1.1743119266055047,0.2574668983393418,1.471689996809943e-05,0.9999353052917286,1.1743119266055047,0.38179749669456986,1.3773176991318428e-05,0.702029486000356
1.1724770642201836,0.2576836458348238,1.472932896163795e-05,0.999932614970021,1.1724770642201836,0.3818083194810552,1.3781340192478614e-05,0.7016335363769031
1.1706422018348626,0.25790070941789767,1.4741778932451544e-05,0.999929731834527,1.1706422018348626,0.381819334504943,1.3789510524800372e-05,0.7012380459636915
1.1688073394495415,0.2581180888029782,1.4754249931291173e-05,0.9999266518398144,1.1688073394495415,0.3818305417584276,1.3797688004461948e-05,0.7008430137220785
1.1669724770642202,0.2583357836978176,1.4766742009022688e-05,0.9999233709222608,1.1669724770642202,0.38184194123276355,1.3805872647682475e-05,0.7004484386125114
1.1651376146788992,0.2585537938008826,1.4779255216626843e-05,0.9999198849900495,1.1651376146788992,0.3818535329068504,1.3814064470721978e-05,0.70005431957361
1.1633027522935782,0.25877211880507234,1.4791789605199287e-05,0.9999161899377214,1.1633027522935782,0.3818653167576187,1.3822263489881368e-05,0.6996606555412654
1.161467889908257,0.25899075839179686,1.4804345225950568e-05,0.9999122816234376,1.161467889908257,0.38187729275306886,1.3830469721502457e-05,0.6992674454359076
1.1596330275229358,0.25920971223705036,1.4816922130206132e-05,0.9999081558926264,1.1596330275229358,0.38188946085423,1.3838683181967938e-05,0.6988746881661427
1.1577981651376148,0.259428980008312,1.4829520369406319e-05,0.9999038085661596,1.1577981651376148,0.38190182101911657,1.38469038877014e-05,0.6984823826360298
1.1559633027522938,0.2596485613630843,1.4842139995106373e-05,0.9998992354348957,1.1559633027522938,0.38191437319425803,1.3855131855167323e-05,0.6980905277296188
1.1541284403669727,0.25986845595380587,1.485478105897643e-05,0.9998944322787793,1.1541284403669727,0.381927117325119,1.3863367100871078e-05,0.6976991223300502
1.1522935779816514,0.2600886634228537,1.4867443612801527e-05,0.9998893948477416,1.1522935779816514,0.3819400533456322,1.3871609641358925e-05,0.6973081653004556
1.1504587155963304,0.2603092526688382,1.4880127708481595e-05,0.9998843849234618,1.1504587155963304,0.3819531811876336,1.3879859493218015e-05,0.6969176555012382
1.1486238532110093,0.2605314160681708,1.489283340479879e-05,0.9998839746886006,1.1486238532110093,0.38196650077387156,1.388811667307639e-05,0.6965275917773397
1.146788990825688,0.2607555027686477,1.4905560870512654e-05,0.9998894798991387,1.146788990825688,0.3819800120204736,1.3896381197602987e-05,0.6961379729627879
1.144954128440367,0.26098029886679835,1.4918310198784516e-05,0.9998962283070796,1.144954128440367,0.3819937148399212,1.3904653083507629e-05,0.6957487978861536
1.143119266055046,0.2612053699819249,1.4931081440398773e-05,0.999902550473962,1.143119266055046,0.3820076091340417,1.391293234754103e-05,0.6953600653578178
1.141284403669725,0.26143071969938814,1.4943874646446343e-05,0.9999084577593749,1.141284403669725,0.3820216948004748,1.3921219006494798e-05,0.6949717741817949
1.139449541284404,0.261656351582487,1.4956689868324676e-05,0.9999139613828447,1.139449541284404,0.38203597173265835,1.392951307720143e-05,0.6945839231557329
1.1376146788990826,0.261882269173056,1.4969527157737743e-05,0.9999190724265645,1.1376146788990826,0.38205043981430775,1.3937814576534318e-05,0.694196511060909
1.1357798165137616,0.2621084759930191,1.4982386566696042e-05,0.99992380184176,1.1357798165137616,0.3820650989223911,1.3946123521407737e-05,0.6938095366676862
1.1339449541284405,0.2623349755397486,1.4995268147516603e-05,0.9999281604314092,1.1339449541284405,0.38207994892911146,1.3954439928776858e-05,0.6934229987391518
1.1321100917431193,0.26256177129166774,1.500817195282298e-05,0.9999321588720704,1.1321100917431193,0.38209498970088884,1.3962763815637742e-05,0.6930368960292981
1.1302752293577982,0.2627888667055178,1.5021098035545248e-05,0.9999358077038778,1.1302752293577982,0.3821102210953303,1.3971095199027344e-05,0.6926512272775653
1.1284403669724772,0.2630162652150455,1.5034046448920018e-05,0.9999391173259937,1.1284403669724772,0.3821256429652188,1.3979434096023504e-05,0.692265991216118
1.1266055045871561,0.2632439702344729,1.5047017246490421e-05,0.9999420980102514,1.1266055045871561,0.3821412551564879,1.3987780523744956e-05,0.6918811865662065
1.124770642201835,0.2634719851547952,1.506001048210612e-05,0.9999447598875122,1.124770642201835,0.382157057507697,1.3996134499351326e-05,0.6914968120372578
1.1229357798165138,0.26370031334773547,1.50730262099233e-05,0.9999471129631274,1.1229357798165138,0.3821730498540319,1.4004496040043132e-05,0.6911128663341515
1.1211009174311928,0.26392895816203726,1.5086064484404674e-05,0.9999491671032956,1.1211009174311928,0.38218923202225974,1.4012865163061778e-05,0.6907293481481247
1.1192660550458717,0.2641579229238227,1.5099125360319482e-05,0.9999509320368816,1.1192660550458717,0.3822056038286894,1.4021241885689562e-05,0.6903462561531342
1.1174311926605505,0.2643872109405597,1.5112208892743493e-05,0.9999524173708778,1.1174311926605505,0.3822221650892148,1.4029626225249674e-05,0.6899635890240461
1.1155963302752294,0.26461682549590404,1.5125315137059e-05,0.9999536325713052,1.1155963302752294,0.38223891561074236,1.4038018199106191e-05,0.6895813454211748
1.1137614678899084,0.2648467698546308,1.5138444148954819e-05,0.9999545869823123,1.1137614678899084,0.3822558551962068,1.4046417824664088e-05,0.6891995239993776
1.1119266055045873,0.2650770472567437,1.5151595984426301e-05,0.9999552898043476,1.1119266055045873,0.38227298363547246,1.405482511936922e-05,0.6888181233916839
1.1100917431192663,0.26530766092337665,1.516477069977532e-05,0.9999557501168965,1.1100917431192663,0.3822903007199395,1.4063240100708347e-05,0.6884371422356708
1.108256880733945,0.2655386140537901,1.5177968351610275e-05,0.9999559768675681,1.108256880733945,0.3823078062314289,1.407166278620911e-05,0.6880565791534536
1.106422018348624,0.2657699098238026,1.5191188996846091e-05,0.9999559788666375,1.106422018348624,0.38232549994063586,1.4080093193440038e-05,0.6876764327489582
1.104587155963303,0.26600155139074577,1.5204432692704226e-05,0.9999557648061455,1.104587155963303,0.38234338161873194,1.4088531340010562e-05,0.6872967016288385
1.1027522935779817,0.2662335418885173,1.5217699496712657e-05,0.9999553432417088,1.1027522935779817,0.38236145102825264,1.4096977243570996e-05,0.6869173843861063
1.1009174311926606,0.26646588443060626,1.5230989466705891e-05,0.9999547226043433,1.1009174311926606,0.3823797079245898,1.4105430921812549e-05,0.6865384796028593
1.0990825688073396,0.2666985821087677,1.5244302660824962e-05,0.9999539111959166,1.0990825688073396,0.38239815205546185,1.4113892392467316e-05,0.6861599858493719
1.0972477064220185,0.26693163799168995,1.5257639137517433e-05,0.9999529171846007,1.0972477064220185,0.38241678316443994,1.4122361673308288e-05,0.6857819016904614
1.0954128440366975,0.2671650551292444,1.5270998955537388e-05,0.9999517486212426,1.0954128440366975,0.38243560098585944,1.4130838782149344e-05,0.6854042256763933
1.0935779816513762,0.26739883654824503,1.5284382173945442e-05,0.9999504134239032,1.0935779816513762,0.38245460525189984,1.4139323736845255e-05,0.685026956355614
1.0917431192660552,0.2676329852540277,1.5297788852108733e-05,0.9999489193842237,1.0917431192660552,0.38247379568393947,1.4147816555291684e-05,0.6846500922592895
1.0899082568807341,0.26786750423228145,1.5311219049700934e-05,0.9999472741747013,1.0899082568807341,0.3824931719996394,1.4156317255425182e-05,0.6842736319140386
1.0880733944954128,0.2681023964447932,1.532467282670223e-05,0.9999454853332281,1.0880733944954128,0.38251273390987894,1.4164825855223195e-05,0.6838975738364752
1.0862385321100918,0.2683376648329802,1.533815024339935e-05,0.9999435602767335,1.0862385321100918,0.3825324811161888,1.4173342372704055e-05,0.6835219165286617
1.0844036697247708,0.2685733123177764,1.535165136038554e-05,0.9999415063011838,1.0844036697247708,0.3825524133193805,1.4181866825926988e-05,0.6831466584935697
1.0825688073394497,0.2688093417963405,1.5365176238560566e-05,0.9999393305697595,1.0825688073394497,0.3825725302062925,1.4190399232992109e-05,0.6827717982114336
1.0807339449541287,0.2690457561468216,1.5378724939130736e-05,0.9999370401310443,1.0807339449541287,0.38259283146555484,1.419893961204043e-05,0.6823973341679448
1.0788990825688074,0.26928255822335295,1.5392297523608877e-05,0.9999346419008361,1.0788990825688074,0.3826133167733071,1.4207487981253846e-05,0.6820232648287856
1.0770642201834864,0.26951975086107044,1.5405894053814342e-05,0.9999321426812458,1.0770642201834864,0.38263398579775404,1.4216044358855147e-05,0.6816495886478151
1.0752293577981653,0.2697573368735511,1.541951459187301e-05,0.9999295491516023,1.0752293577981653,0.3826548382098689,1.4224608763108013e-05,0.6812763040861682
1.073394495412844,0.2699953190509748,1.5433159200217285e-05,0.9999268678620865,1.073394495412844,0.3826758736655096,1.4233181212317015e-05,0.6809034095804236
1.071559633027523,0.270233700162701,1.5446827941586107e-05,0.9999241052437355,1.071559633027523,0.3826970918156019,1.4241761724827614e-05,0.6805309035607934
1.069724770642202,0.2704724829581363,1.5460520879024935e-05,0.9999212676120806,1.069724770642202,0.3827184923081703,1.4250350319026166e-05,0.6801587844547612
1.067889908256881,0.27071167016391373,1.5474238075885755e-05,0.9999183611571425,1.067889908256881,0.38274007478218325,1.4258947013339912e-05,0.6797870506761683
1.0660550458715599,0.2709512644850002,1.5487979595827086e-05,0.9999153919479795,1.0660550458715599,0.38276183886854936,1.4267551826236989e-05,0.6794157006270325
1.0642201834862386,0.27119126860506887,1.550174550281396e-05,0.9999123659345059,1.0642201834862386,0.38278378419521936,1.4276164776226421e-05,0.6790447327066431
1.0623853211009175,0.2714316851878632,1.5515535861117953e-05,0.9999092889529493,1.0623853211009175,0.3828059103799936,1.4284785881858126e-05,0.6786741452988281
1.0605504587155965,0.27167251687411786,1.5529350735317152e-05,0.9999061667149363,1.0605504587155965,0.38282821703973063,1.429341516172291e-05,0.6783039367883248
1.0587155963302752,0.27191376628266917,1.5543190190296184e-05,0.9999030048120403,1.0587155963302752,0.38285070377801567,1.4302052634452474e-05,0.6779341055389523
1.0568807339449542,0.27215543601181924,1.555705429124619e-05,0.9998998087212385,1.0568807339449542,0.3828733701969404,1.4310698318719406e-05,0.6775646499145296
1.0550458715596331,0.2723975286394675,1.5570943103664847e-05,0.9998965838058211,1.0550458715596331,0.38289621589195494,1.4319352233237184e-05,0.6771955682697808
1.053211009174312,0.27264004671977177,1.5584856693356356e-05,0.9998933353035682,1.053211009174312,0.38291924044721554,1.4328014396760184e-05,0.6768268589421496
1.051376146788991,0.2728829927867416,1.5598795126431448e-05,0.9998900683403917,1.051376146788991,0.38294244344739187,1.4336684828083666e-05,0.6764585202727176
1.0495412844036698,0.2731263693533782,1.5612758469307372e-05,0.9998867879276077,1.0495412844036698,0.38296582446427235,1.4345363546043786e-05,0.6760905505825576
1.0477064220183487,0.2733701789095675,1.5626746788707912e-05,0.9998834989546594,1.0477064220183487,0.38298938306755004,1.4354050569517583e-05,0.675722948191833
1.0458715596330277,0.27361442392618285,1.5640760151663372e-05,0.9998802062045797,1.0458715596330277,0.38301311881965666,1.4362745917422995e-05,0.6753557114107025
1.0440366972477064,0.2738591068502431,1.565479862551059e-05,0.9998769143367099,1.0440366972477064,0.3830370312747084,1.437144960871885e-05,0.6749888385375016
1.0422018348623854,0.27410423010777296,1.5668862277892924e-05,0.9998736278976139,1.0422018348623854,0.3830611199805445,1.4380161662404862e-05,0.6746223278623802
1.0403669724770643,0.27434979610543136,1.5682951176760263e-05,0.999870351327445,1.0403669724770643,0.38308538448180823,1.4388882097521639e-05,0.6742561776727598
1.0385321100917433,0.27459580722540455,1.5697065390369025e-05,0.9998670889417554,1.0385321100917433,0.38310982431321494,1.4397610933150682e-05,0.67389038624151
1.0366972477064222,0.2748422658307717,1.5711204987282142e-05,0.9998638449515056,1.0366972477064222,0.38313443900417643,1.4406348188414377e-05,0.6735249518351338
1.034862385321101,0.27508917426239227,1.5725370036369092e-05,0.9998606234521503,1.034862385321101,0.3831592280777495,1.4415093882476012e-05,0.673159872711949
1.03302752293578,0.2753365348390309,1.573956060680586e-05,0.9998574284245478,1.03302752293578,0.3831841910506152,1.442384803453975e-05,0.6727951471220877
1.0311926605504589,0.27558434985873886,1.5753776768074975e-05,0.9998542637404171,1.0311926605504589,0.38320932743357716,1.4432610663850658e-05,0.6724307733084061
1.0293577981651376,0.2758326215977313,1.576801858996548e-05,0.9998511331586997,1.0293577981651376,0.3832346367279126,1.4441381789694692e-05,0.672066749500118
1.0275229357798166,0.2760813523112693,1.578228614257295e-05,0.9998480403291978,1.0275229357798166,0.3832601184331263,1.445016143139869e-05,0.6717030739264374
1.0256880733944955,0.27633054423328895,1.5796579496299484e-05,0.999844988791665,1.0256880733944955,0.3832857720391559,1.4458949608330393e-05,0.6713397448029355
1.0238532110091745,0.27658019957502317,1.5810898721853715e-05,0.9998419819712581,1.0238532110091745,0.38331159702945905,1.4467746339898424e-05,0.6709767603369983
1.0220183486238534,0.27683032052688783,1.5825243890250794e-05,0.9998390231858139,1.0220183486238534,0.3833375928846324,1.4476551645552302e-05,0.6706141187341927
1.0201834862385322,0.27708090925911977,1.5839615072812403e-05,0.9998361156485771,1.0201834862385322,0.38336375907303827,1.4485365544782436e-05,0.6702518181818959
1.0183486238532111,0.27733196791838066,1.585401234116675e-05,0.9998332624563773,1.0183486238532111,0.3833901459274602,1.4494188057120122e-05,0.6698899457451262
1.01651376146789,0.27758349863217086,1.5868435767248567e-05,0.9998304666059994,1.01651376146789,0.3834185905314698,1.4503019204483435e-05,0.6695317082203474
1.0146788990825688,0.2778355035041682,1.588288542329912e-05,0.9998277309778132,1.0146788990825688,0.3834499398765201,1.4511859091305912e-05,0.6691785729244657
1.0128440366972478,0.27808798461738343,1.5897361381866195e-05,0.9998250583475965,1.0128440366972478,0.3834823200652543,1.4520707778731494e-05,0.6688272601168137
1.0110091743119267,0.2783409440345482,1.5911863715804103e-05,0.9998224513883542,1.0110091743119267,0.3835148025439981,1.452956528512554e-05,0.6684761477681604
1.0091743119266057,0.2785943837959702,1.5926392498273686e-05,0.9998199126630425,1.0091743119266057,0.38354739157673,1.4538431629002575e-05,0.6681252427279105
1.0073394495412846,0.2788483059209285,1.5940947802742316e-05,0.9998174446300254,1.0073394495412846,0.38358009140430827,1.4547306829026289e-05,0.6677745517827134
1.0055045871559634,0.27910271240653717,1.595552970298389e-05,0.9998150496394373,1.0055045871559634,0.3836129062464681,1.4556190904009546e-05,0.6674240816601014
1.0036697247706423,0.27935760522888936,1.597013827307882e-05,0.9998127299377302,1.0036697247706423,0.38364584029597826,1.4565083872914372e-05,0.6670738390184852
1.0018348623853213,0.2796129863416654,1.5984773587414062e-05,0.999810487663126,1.0018348623853213,0.38367889772638586,1.4573985754851963e-05,0.6667238304607963
1.0,0.2798688576800784,1.5999435720683086e-05,0.9998083248601688,1.0,0.3837120826835545,1.458289656908269e-05,0.6663740625199353
0.998165137614679,0.280125221154904,1.6014124747885893e-05,0.9998062434588064,0.998165137614679,0.383745399291319,1.4591816335016081e-05,0.6660245416687758
0.9963302752293579,0.2803820786559144,1.6028840744329017e-05,0.9998042452871232,0.9963302752293579,0.383778851650871,1.4600745072210842e-05,0.6656752743192555
0.9944954128440369,0.2806394320522671,1.6043583785625505e-05,0.999802332073159,0.9944954128440369,0.3838124438380422,1.4609682800374843e-05,0.6653262668178286
0.9926605504587158,0.2808972831918753,1.6058353947694942e-05,0.9998005054430905,0.9926605504587158,0.3838461799063529,1.4618629539365123e-05,0.6649775254509223
0.9908256880733946,0.28115563389949405,1.607315130676344e-05,0.9997987669148642,0.9908256880733946,0.3838800638858696,1.462758530918789e-05,0.6646290564431183
0.9889908256880735,0.2814144859806853,1.6087975939363625e-05,0.999797117912749,0.9889908256880735,0.38391409978205887,1.4636550129998515e-05,0.6642808659553339
0.9871559633027525,0.28167384121862943,1.6102827922334666e-05,0.9997955597564214,0.9871559633027525,0.3839482915788443,1.4645524022101547e-05,0.6639329600902784
0.9853211009174312,0.28193370137322776,1.6117707332822253e-05,0.9997940936582381,0.9853211009174312,0.38398264323272796,1.46545070059507e-05,0.6635853448824491
0.9834862385321101,0.28219406818713105,1.613261424827859e-05,0.999792720745063,0.9834862385321101,0.3840171586832155,1.466349910214885e-05,0.6632380263163213
0.9816513761467891,0.28245494337689886,1.6147548746462427e-05,0.9997914420273446,0.9816513761467891,0.3840518418374605,1.4672500331448047e-05,0.6628910102999725
0.979816513761468,0.2827163286397977,1.6162510905439027e-05,0.9997902584236726,0.979816513761468,0.38408669658595923,1.4681510714749509e-05,0.6625443026923676
0.977981651376147,0.2829782256529145,1.6177500803580193e-05,0.9997891707580493,0.977981651376147,0.384121726793509,1.469053027310362e-05,0.6621979092878973
0.9761467889908257,0.2832406360696884,1.619251851956424e-05,0.9997881797480659,0.9761467889908257,0.384156936301745,1.469955902770994e-05,0.6618518358209258
0.9743119266055047,0.28350356152287076,1.6207564132376015e-05,0.9997872860158168,0.9743119266055047,0.38419232892746297,1.4708596999917184e-05,0.6615060879630619
0.9724770642201837,0.2837670036244044,1.62226377213069e-05,0.9997864900878994,0.9724770642201837,0.3842279084651624,1.4717644211223247e-05,0.661160671327707
0.9706422018348624,0.28403096396452615,1.623773936595479e-05,0.9997857923926858,0.9706422018348624,0.38426367868484124,1.4726700683275187e-05,0.6608155914664167
0.9688073394495413,0.2842954441108652,1.6252869146224118e-05,0.9997851932575941,0.9688073394495413,0.3842996433340139,1.473576643786923e-05,0.660470853872539
0.9669724770642203,0.2845604456103837,1.6268027142325833e-05,0.9997846929163643,0.9669724770642203,0.38433580613550317,1.4744841496950775e-05,0.6601264639775763
0.9651376146788992,0.2848259699887367,1.6283213434777423e-05,0.9997842915072397,0.9651376146788992,0.3843721707894608,1.4753925882614382e-05,0.6597824271548234
0.9633027522935782,0.2850920187514449,1.6298428104402892e-05,0.999783989077514,0.9633027522935782,0.3844087409727463,1.4763019617103785e-05,0.6594387487184576
0.9614678899082569,0.285358593379881,1.631367123233278e-05,0.999783785569889,0.9614678899082569,0.38444552033777235,1.4772122722811887e-05,0.6590954339217205
0.9596330275229359,0.2856256953350295,1.6328942900004142e-05,0.9997836808361171,0.9596330275229359,0.3844825125124074,1.4781235222280755e-05,0.6587524879569173
0.9577981651376148,0.28589332605840606,1.6344243189160573e-05,0.9997836746406392,0.9577981651376148,0.38451972110465965,1.4790357138201625e-05,0.6584099159636025
0.9559633027522936,0.28616148696647475,1.6359572181852182e-05,0.9997837666414853,0.9559633027522936,0.38455714969355903,1.4799488493414906e-05,0.6580677230131187
0.9541284403669725,0.28643017945754035,1.6374929960435616e-05,0.9997839564148308,0.9541284403669725,0.3845948018407458,1.4808629310910169e-05,0.6577259141286049
0.9522935779816515,0.2866994049051175,1.639031660757404e-05,0.9997842434322592,0.9522935779816515,0.3846326810786897,1.4817779613826157e-05,0.6573844942649885
0.9504587155963304,0.2869691646648377,1.6405732206237153e-05,0.9997846270853188,0.9504587155963304,0.38467079091803286,1.4826939425450784e-05,0.6570434683217172
0.9486238532110094,0.2872394600691137,1.642117683970117e-05,0.999785106667332,0.9486238532110094,0.3847091348496324,1.4836108769221125e-05,0.656702841146398
0.9467889908256881,0.2875102924285742,1.6436650591548848e-05,0.999785681378853,0.9467889908256881,0.3847477163370153,1.484528766872343e-05,0.6563626175220634
0.9449541284403671,0.2877816630332449,1.645215354566946e-05,0.9997863503322151,0.9449541284403671,0.3847865388184069,1.4854476147693112e-05,0.6560228021708099
0.943119266055046,0.28805357315137753,1.64676857862588e-05,0.9997871125478923,0.943119266055046,0.38482560571357116,1.4863674230014758e-05,0.6556833997656213
0.9412844036697248,0.2883260240285353,1.648324739781921e-05,0.9997879669517715,0.9412844036697248,0.38486492041411907,1.4872881939722119e-05,0.6553444149139978
0.9394495412844037,0.28859901689113515,1.649883846515953e-05,0.9997889123878849,0.9394495412844037,0.3849044862908837,1.4882099300998116e-05,0.6550058521706887
0.9376146788990827,0.28887255294291614,1.6514459073395155e-05,0.9997899476065868,0.9376146788990827,0.38494430669062657,1.4891326338174838e-05,0.6546677160322361
0.9357798165137616,0.2891466333661212,1.6530109307947984e-05,0.9997910712691009,0.9357798165137616,0.3849843849370135,1.4900563075733542e-05,0.6543300109387928
0.9339449541284406,0.28942125932137025,1.6545789254546462e-05,0.9997922819475207,0.9339449541284406,0.3850247243267749,1.4909809538304654e-05,0.6539927412677571
0.9321100917431193,0.28969643194805883,1.6561498999225542e-05,0.9997935781266278,0.9321100917431193,0.3850653281371035,1.4919065750667772e-05,0.6536559113465046
0.9302752293577983,0.2899721523652873,1.6577238628326718e-05,0.9997949582075307,0.9302752293577983,0.3851061996202119,1.4928331737751652e-05,0.653319525443294
0.9284403669724772,0.2902484216688339,1.6593008228498004e-05,0.9997964204976597,0.9284403669724772,0.3851473420059194,1.4937607524634228e-05,0.6529835877718142
0.926605504587156,0.2905252409333973,1.6608807886693945e-05,0.9997979632189526,0.926605504587156,0.3851887584961933,1.4946893136542599e-05,0.6526481024820896
0.9247706422018349,0.2908026112127347,1.6624637690175603e-05,0.9997995845087644,0.9247706422018349,0.3852304522763238,1.4956188598853032e-05,0.6523130736795792
0.9229357798165139,0.29108053353980157,1.6640497726510577e-05,0.9998012824207763,0.9229357798165139,0.3852724265008786,1.4965493937090964e-05,0.6519785054015301
0.9211009174311928,0.2913590089253012,1.665638808357299e-05,0.9998030549204486,0.9211009174311928,0.38531468430595717,1.4974809176930997e-05,0.6516444016378955
0.9192660550458718,0.2916380383580834,1.667230884954349e-05,0.9998048998868398,0.9192660550458718,0.3853572288021189,1.4984134344196904e-05,0.6513107663195115
0.9174311926605505,0.29191762280528,1.6688260112909253e-05,0.9998068151135158,0.9174311926605505,0.38540006307697716,1.4993469464861629e-05,0.6509776033226444
0.9155963302752295,0.2921977632143015,1.6704241962463982e-05,0.9998087983158257,0.9155963302752295,0.3854431901929534,1.5002814565047278e-05,0.6506449164653532
0.9137614678899084,0.2924784605105881,1.67202544873079e-05,0.9998108471236264,0.9137614678899084,0.3854866131909543,1.5012169671025129e-05,0.6503127095138552
0.9119266055045872,0.292759715597213,1.6736297776847773e-05,0.9998129590803728,0.9119266055045872,0.3855303350897464,1.5021534809215628e-05,0.6499809861816175
0.9100917431192661,0.29304152935501493,1.6752371920796876e-05,0.9998151316440271,0.9100917431192661,0.38557435887831143,1.5030910006188388e-05,0.6496497501166232
0.9082568807339451,0.2933239026462016,1.6768477009175018e-05,0.9998173621997921,0.9082568807339451,0.38561868752869854,1.5040295288662193e-05,0.6493190049231998
0.906422018348624,0.2936068363091597,1.6784613132308536e-05,0.9998196480428305,0.906422018348624,0.38566332398622466,1.5049690683504994e-05,0.6489887541456483
0.904587155963303,0.29389033116152175,1.680078038083029e-05,0.9998219863891791,0.904587155963303,0.3857082711726174,1.5059096217733909e-05,0.6486590012736997
0.9027522935779817,0.2941743880000413,1.6816978845679678e-05,0.9998243743757484,0.9027522935779817,0.3857535319880883,1.5068511918515228e-05,0.6483297497461535
0.9009174311926607,0.294459007598858,1.6833208618102603e-05,0.9998268090548663,0.9009174311926607,0.38579910930637423,1.5077937813164402e-05,0.6480010029426921
0.8990825688073396,0.2947441907117763,1.6849469789651517e-05,0.9998292874024628,0.8990825688073396,0.3858450059805968,1.508737392914606e-05,0.6476727641938851
0.8972477064220183,0.2950299380705306,1.6865762452185384e-05,0.9998318063126135,0.8972477064220183,0.3858912248372165,1.5096820294073994e-05,0.6473450367711848
0.8954128440366973,0.2953162503857268,1.68820866978697e-05,0.9998343626011774,0.8954128440366973,0.385937768681899,1.5106276935711162e-05,0.6470178238969311
0.8935779816513763,0.2956031283459079,1.6898442619176486e-05,0.9998369530030686,0.8935779816513763,0.3859846402945474,1.5115743881969695e-05,0.6466911287361654
0.8917431192660552,0.2958905726190354,1.6914830308884298e-05,0.9998395741777131,0.8917431192660552,0.3860318424340924,1.512522116091089e-05,0.6463649544048167
0.8899082568807342,0.2961785838510162,1.6931249860078202e-05,0.9998422227045012,0.8899082568807342,0.38607937783351776,1.5134708800745212e-05,0.6460393039615155
0.8880733944954129,0.29646716266691814,1.6947701366149812e-05,0.9998448950873353,0.8880733944954129,0.38612724920248154,1.5144206829832298e-05,0.645714180412142
0.8862385321100918,0.2967563096689526,1.6964184920797247e-05,0.9998475877482633,0.8862385321100918,0.38617545922885765,1.5153715276680949e-05,0.6453895867125539
0.8844036697247708,0.2970460254393098,1.6980700618025167e-05,0.999850297037483,0.8844036697247708,0.38622401057538375,1.5163234169949135e-05,0.6450655257631297
0.8825688073394495,0.29733631053868215,1.6997248552144758e-05,0.9998530192287944,0.8825688073394495,0.3862729058817455,1.5172763538443996e-05,0.6447420004124069
0.8807339449541285,0.2976271655058628,1.701382881777372e-05,0.9998557505186909,0.8807339449541285,0.38632214776503193,1.5182303411121839e-05,0.6444190134579912
0.8788990825688074,0.29791859085707073,1.7030441509836294e-05,0.9998584870245395,0.8788990825688074,0.38637173881419234,1.5191853817088141e-05,0.6440965676374617
0.8770642201834864,0.29821058708988246,1.7047086723563245e-05,0.9998612247982237,0.8770642201834864,0.38642168160248763,1.5201414785597546e-05,0.6437746656492891
0.8752293577981654,0.29850315467795624,1.706376455449186e-05,0.999863959808863,0.8752293577981654,0.3864719786726751,1.5210986346053866e-05,0.6434533101282796
0.8733944954128441,0.298796294073878,1.7080475098465956e-05,0.9998666879528173,0.8733944954128441,0.386522632547282,1.5220568528010084e-05,0.643132503662855
0.871559633027523,0.2990900057098476,1.7097218451635872e-05,0.9998694050564154,0.871559633027523,0.3865736457252438,1.5230161361168344e-05,0.6428122487895962
0.869724770642202,0.29938428999591954,1.7113994710458482e-05,0.9998721068704981,0.869724770642202,0.38662502067962445,1.5239764875379968e-05,0.6424925479896046
0.8678899082568807,0.2996791473201392,1.713080397169718e-05,0.9998747890713275,0.8678899082568807,0.38667675986354344,1.5249379100645443e-05,0.6421734036985072
0.8660550458715597,0.29997457805086475,1.7147646332421886e-05,0.9998774472687728,0.8660550458715597,0.3867288657040682,1.525900406711442e-05,0.6418548182964514
0.8642201834862386,0.3002705825330928,1.7164521890009053e-05,0.9998800769944864,0.8642201834862386,0.38678134060266545,1.5268639805085722e-05,0.6415367941090153
0.8623853211009176,0.3005671610910511,1.7181430742141656e-05,0.9998826737109994,0.8623853211009176,0.38683418694278554,1.527828634500734e-05,0.6412193334199401
0.8605504587155965,0.30086431402806946,1.7198372986809197e-05,0.9998852328117209,0.8605504587155965,0.38688740708045694,1.5287943717476433e-05,0.6409024384556687
0.8587155963302753,0.30116204162480664,1.721534872230771e-05,0.9998877496154819,0.8587155963302753,0.38694100334912823,1.5297611953239333e-05,0.6405861113935316
0.8568807339449542,0.3014603441418535,1.7232358047239745e-05,0.9998902193756294,0.8568807339449542,0.3869949780573826,1.530729108319153e-05,0.6402703543581083
0.8550458715596332,0.3017592218176865,1.7249401060514386e-05,0.9998926372736605,0.8550458715596332,0.38704933349379406,1.5316981138377693e-05,0.6399551694294132
0.8532110091743119,0.3020586748688058,1.7266477861347244e-05,0.9998949984201317,0.8532110091743119,0.3871040719191439,1.532668214999165e-05,0.6396405586301626
0.8513761467889909,0.302358703490975,1.728358854926045e-05,0.9998972978592064,0.8513761467889909,0.3871591955723756,1.5336394149376406e-05,0.6393265239357788
0.8495412844036698,0.30265930785936734,1.7300733224082677e-05,0.9998995305695644,0.8495412844036698,0.38721470666940805,1.534611716802413e-05,0.6390130672725718
0.8477064220183488,0.30296048812540505,1.7317911985949108e-05,0.9999016914543972,0.8477064220183488,0.38727060740249686,1.5355851237576152e-05,0.638700190516829
0.8458715596330277,0.30326224442075245,1.733512493530146e-05,0.999903775355051,0.8458715596330277,0.387326899940696,1.5365596389822987e-05,0.6383878954957254
0.8440366972477065,0.30356457685553434,1.7352372172887976e-05,0.9999057770455693,0.8440366972477065,0.3873835864281132,1.537535265670431e-05,0.6380761839845945
0.8422018348623854,0.30386748551709614,1.7369653799763425e-05,0.9999076912290548,0.8422018348623854,0.3874406689854732,1.5385120070308957e-05,0.6377650577096574
0.8403669724770644,0.30417097047456754,1.7386969917289102e-05,0.9999095125531312,0.8403669724770644,0.3874981497122409,1.5394898662874942e-05,0.6374545183516602
0.8385321100917431,0.30447503177043583,1.7404320627132837e-05,0.9999112355826583,0.8385321100917431,0.38755603068045386,1.5404688466789444e-05,0.63714456753587
0.8366972477064221,0.3047796694303663,1.742170603126897e-05,0.9999128548324734,0.8366972477064221,0.38761431394181695,1.5414489514588812e-05,0.636835206843898
0.834862385321101,0.3050848834569864,1.7439126231978382e-05,0.9999143647473829,0.834862385321101,0.38767300152374656,1.5424301838958562e-05,0.6365264378073334
0.83302752293578,0.3053906738302991,1.7456581331848477e-05,0.9999157597039812,0.83302752293578,0.3877320954281696,1.5434125472733374e-05,0.636218261905924
0.8311926605504589,0.30569704051171326,1.7474071433773182e-05,0.9999170340242927,0.8311926605504589,0.3877915976369755,1.5443960448897108e-05,0.6359106805766714
0.8293577981651377,0.3060039834375224,1.7491596640952958e-05,0.9999181819548539,0.8293577981651377,0.387851510105278,1.545380680058278e-05,0.6356036952029172
0.8275229357798166,0.3063115025254377,1.750915705689478e-05,0.9999191976885413,0.8275229357798166,0.3879118347668695,1.546366456107258e-05,0.6352973071234373
0.8256880733944956,0.30661959767056385,1.7526752785412166e-05,0.999920075351838,0.8256880733944956,0.3879725735296938,1.5473533763797863e-05,0.634991517625167
0.8238532110091743,0.30692826874721213,1.754438393062515e-05,0.9999208090112006,0.8238532110091743,0.388033728280754,1.548341444233916e-05,0.6346863279513855
0.8220183486238533,0.30723751560653345,1.7562050596960292e-05,0.9999213926657831,0.8220183486238533,0.38809530088158106,1.5493306630426164e-05,0.6343817392944402
0.8201834862385322,0.30754733808029083,1.7579752889150684e-05,0.9999218202601696,0.8201834862385322,0.3881572931692524,1.550321036193774e-05,0.6340777527975661
0.8183486238532112,0.30785773597821436,1.7597490912235942e-05,0.9999220856761895,0.8183486238532112,0.38821970696131375,1.551312567090191e-05,0.6337743695630706
0.8165137614678901,0.3081687090878629,1.7615264771562212e-05,0.9999221827329166,0.8165137614678901,0.3882825440484571,1.5523052591495883e-05,0.6334715906405108
0.8146788990825689,0.3084802571756075,1.763307457278216e-05,0.9999221051903078,0.8146788990825689,0.3883458061972097,1.553299115804602e-05,0.6331694170312403
0.8128440366972478,0.3087923799870586,1.7650920421854983e-05,0.9999218467510218,0.8128440366972478,0.3884094951531934,1.5542941405027864e-05,0.6328678496938664
0.8110091743119268,0.3091050772458095,1.7668802425046406e-05,0.9999214010567812,0.8110091743119268,0.3884736126371338,1.555290336706611e-05,0.632566889537884
0.8091743119266055,0.3094183486535787,1.768672068892868e-05,0.9999207616892818,0.8091743119266055,0.38853816034700406,1.556287707893464e-05,0.6322665374273129
0.8073394495412844,0.3097321938917625,1.7704675320380578e-05,0.9999199221756498,0.8073394495412844,0.38860313995458223,1.5572862575556493e-05,0.6319667941752414
0.8055045871559634,0.31004661261876604,1.77226664265874e-05,0.9999188759802564,0.8055045871559634,0.38866855311039195,1.5582859892003875e-05,0.6316676605520115
0.8036697247706424,0.3103616044735302,1.7740694115040987e-05,0.9999176165165409,0.8036697247706424,0.3887344014408205,1.5592869063498163e-05,0.6313691372806716
0.8018348623853213,0.31067716907229526,1.775875849353969e-05,0.9999161371370064,0.8018348623853213,0.3888006865508312,1.5602890125409908e-05,0.6310712250415236
0.8,0.31099330600902536,1.777685967018839e-05,0.9999144311350392,0.8,0.3888674100177134,1.5612923113258822e-05,0.6307739244621189
0.798165137614679,0.31131001485809845,1.77949977533985e-05,0.999912491754003,0.798165137614679,0.3889345733988358,1.5622968062713786e-05,0.6304772361299911
0.796330275229358,0.3116272951716283,1.7813172851887955e-05,0.999910312179054,0.796330275229358,0.3890021782231487,1.563302500959285e-05,0.6301811605790135
0.7944954128440367,0.3119451464796074,1.783138507468122e-05,0.9999078855380503,0.7944954128440367,0.38907022600456315,1.564309398986324e-05,0.6298856983112273
0.7926605504587156,0.31226356829175445,1.784963453110928e-05,0.9999052049079182,0.7926605504587156,0.3891387182239006,1.5653175039641338e-05,0.6295908497677374
0.7908256880733946,0.31258256009567764,1.786792133080966e-05,0.9999022633091954,0.7908256880733946,0.3892076563445249,1.56632681951927e-05,0.6292966153541784
0.7889908256880735,0.3129021213570188,1.7886245583726394e-05,0.9998990537069403,0.7889908256880735,0.38927704180495626,1.5673373492932054e-05,0.6290029954288912
0.7871559633027525,0.3132222515210226,1.7904607400110064e-05,0.9998955690161893,0.7871559633027525,0.38934687601821516,1.568349096942329e-05,0.6287099903020135
0.7853211009174312,0.3135429500109788,1.792300689051776e-05,0.9998918020974088,0.7853211009174312,0.38941716037680113,1.5693620661379476e-05,0.6284176002436652
0.7834862385321102,0.3138642162292238,1.79414441658131e-05,0.9998877457601338,0.7834862385321102,0.38948789624697366,1.5703762605662828e-05,0.6281258254748536
0.7816513761467891,0.3141860495558626,1.7959919337166245e-05,0.9998833927593296,0.7816513761467891,0.38955908497317143,1.5713916839284753e-05,0.6278346661747491
0.7798165137614679,0.31450844934891337,1.7978432516053866e-05,0.999878735796301,0.7798165137614679,0.3896307278751051,1.5724083399405817e-05,0.627544122476138
0.7779816513761468,0.3148314149473157,1.7996983814259163e-05,0.9998737675286975,0.7779816513761468,0.3897028262499261,1.573426232333575e-05,0.6272541944690602
0.7761467889908258,0.31515494566679214,1.8015573343871873e-05,0.9998684805577795,0.7761467889908258,0.3897753813704458,1.574445364853346e-05,0.6269648821980809
0.7743119266055047,0.3154790702917569,1.803420121728825e-05,0.9998629608990086,0.7743119266055047,0.38984839448617603,1.5754657412607014e-05,0.6266761856641097
0.7724770642201837,0.315805171929349,1.805286755070448e-05,0.9998615818876715,0.7724770642201837,0.38992186682267593,1.576487365331365e-05,0.6263881048234907
0.7706422018348624,0.31613395997736143,1.807157262122415e-05,0.9998665590492237,0.7706422018348624,0.38999579958486197,1.5775102408559786e-05,0.6261006395934601
0.7688073394495414,0.31646402189757267,1.8090316629809487e-05,0.9998733985894432,0.7688073394495414,0.3900701939478584,1.5785343716400985e-05,0.6258137898375935
0.7669724770642203,0.31679459717571695,1.810909968752182e-05,0.9998796881836824,0.7669724770642203,0.39014505106880254,1.5795597615042e-05,0.625527555384906
0.7651376146788991,0.3171256931582468,1.8127921906206493e-05,0.9998854464947726,0.7651376146788991,0.39022037208053006,1.5805864142836743e-05,0.6252419360198473
0.763302752293578,0.31745731713592595,1.8146783398492848e-05,0.9998906918963257,0.763302752293578,0.39029615808978085,1.581614333828829e-05,0.6249569314795735
0.761467889908257,0.31778947634289156,1.816568427779424e-05,0.9998954424709154,0.761467889908257,0.39037241018108165,1.5826435240048894e-05,0.6246725414603134
0.7596330275229359,0.3181221779614974,1.818462465830803e-05,0.999899716026448,0.7596330275229359,0.3904491294160934,1.5836739886919973e-05,0.6243887656164588
0.7577981651376149,0.3184554291190759,1.820360465501559e-05,0.9999035300870673,0.7577981651376149,0.3905263168340945,1.584705731785211e-05,0.6241056035614747
0.7559633027522936,0.3187892368852614,1.82226243836823e-05,0.999906901885879,0.7559633027522936,0.39060397344506376,1.585738757194507e-05,0.6238230548569845
0.7541284403669726,0.31912360827684144,1.8241683960857535e-05,0.9999098483813214,0.7541284403669726,0.390682100242109,1.5867730688447762e-05,0.6235411190327795
0.7522935779816515,0.3194585502562478,1.8260783503874693e-05,0.9999123862535271,0.7522935779816515,0.390760698190568,1.5878086706758282e-05,0.6232597955695383
0.7504587155963303,0.31979406973003677,1.8279923130851175e-05,0.9999145319006857,0.7504587155963303,0.3908397682370361,1.5888455666423895e-05,0.6229790839133784
0.7486238532110092,0.32013017354968915,1.8299102960688385e-05,0.9999163014426813,0.7486238532110092,0.3909193112961607,1.589883760714102e-05,0.6226989834549386
0.7467889908256882,0.32046686851270767,1.8318323113071736e-05,0.9999177107256401,0.7467889908256882,0.39099932826823885,1.5909232568755262e-05,0.6224194935575724
0.7449541284403671,0.32080416136021894,1.8337583708470655e-05,0.9999187753155638,0.7449541284403671,0.3910798200242941,1.591964059126138e-05,0.622140613533702
0.7431192660550461,0.3211420587821546,1.8356884868138565e-05,0.9999195105156105,0.7431192660550461,0.39116078741397875,1.5930061714803303e-05,0.6218623426575505
0.7412844036697248,0.32148056740784625,1.8376226714112915e-05,0.9999199313378995,0.7412844036697248,0.3912422312609144,1.5940495979674143e-05,0.6215846801578664
0.7394495412844038,0.32181969381675574,1.8395609369215138e-05,0.9999200525380729,0.7394495412844038,0.39132415236946905,1.5950943426316162e-05,0.6213076252288374
0.7376146788990827,0.32215944453052214,1.841503295705069e-05,0.9999198885916485,0.7376146788990827,0.3914065515155119,1.59614040953208e-05,0.6210311770155386
0.7357798165137615,0.32249982601815724,1.8434497602009036e-05,0.9999194537112999,0.7357798165137615,0.3914894294566342,1.5971878027428663e-05,0.620755334630303
0.7339449541284404,0.32284084469187696,1.8454003429263634e-05,0.9999187618350334,0.7339449541284404,0.39157278692232084,1.5982365263529523e-05,0.6204800971372606
0.7321100917431194,0.32318250691025624,1.847355056477197e-05,0.9999178266371018,0.7321100917431194,0.3916566246201656,1.5992865844662327e-05,0.6202054635623426
0.7302752293577983,0.32352481897551705,1.8493139135275516e-05,0.9999166615207287,0.7302752293577983,0.3917409432352131,1.6003379812015185e-05,0.619931432892372
0.7284403669724773,0.3238677871372819,1.8512769268299768e-05,0.9999152796308408,0.7284403669724773,0.3918257434275746,1.6013907206925374e-05,0.6196580040714252
0.726605504587156,0.3242114175883872,1.8532441092154225e-05,0.9999136938422453,0.726605504587156,0.3919110258329103,1.6024448070879344e-05,0.6193851760017424
0.724770642201835,0.32455571646775566,1.8552154735932385e-05,0.9999119167696335,0.724770642201835,0.3919967910675215,1.603500244551271e-05,0.6191129475519119
0.7229357798165139,0.3249006898588546,1.857191032951177e-05,0.9999099607639437,0.7229357798165139,0.3920830397190562,1.604557037261026e-05,0.6188413175423193
0.7211009174311926,0.3252463437908061,1.8591708003553895e-05,0.9999078379169077,0.7211009174311926,0.39216977235332384,1.6056151894105943e-05,0.6185702847560606
0.7192660550458716,0.3255926842371355,1.8611547889504285e-05,0.9999055600583233,0.7192660550458716,0.39225698951421284,1.6066747052082882e-05,0.6182998479389425
0.7174311926605506,0.32593971711866226,1.863143011959248e-05,0.999903138766058,0.7174311926605506,0.39234469172360786,1.6077355888773365e-05,0.6180300057994828
0.7155963302752295,0.32628744829809936,1.8651354826832024e-05,0.9999005853505878,0.7155963302752295,0.39243287947264044,1.6087978446558852e-05,0.617760756995267
0.7137614678899085,0.326635883585017,1.8671322145020466e-05,0.9998979108713684,0.7137614678899085,0.39252155323429616,1.6098614767969967e-05,0.6174921001529583
0.7119266055045872,0.32698502873399643,1.8691332208739363e-05,0.9998951261322873,0.7119266055045872,0.3926107134592946,1.610926489568651e-05,0.6172240338619304
0.7100917431192661,0.3273348894454529,1.871138515335428e-05,0.999892241685302,0.7100917431192661,0.3927003605702166,1.6119928872537436e-05,0.6169565566651727
0.7082568807339451,0.3276854713637805,1.873148111501479e-05,0.9998892678258926,0.7082568807339451,0.3927904949695104,1.613060674150088e-05,0.6166896670720234
0.7064220183486238,0.3280367800787675,1.8751620230654478e-05,0.9998862145985186,0.7064220183486238,0.39288111703593753,1.6141298545704143e-05,0.6164233635527125
0.7045871559633028,0.32838882112582585,1.8771802637990926e-05,0.9998830917984378,0.7045871559633028,0.39297222712158275,1.615200432842369e-05,0.6161576445338142
0.7027522935779817,0.32874159998562424,1.8792028475525732e-05,0.9998799089717068,0.7027522935779817,0.39306382555872166,1.6162724133085162e-05,0.6158925084091607
0.7009174311926607,0.3290951220825214,1.88122978825445e-05,0.9998766754115422,0.7009174311926607,0.3931559126550973,1.6173458003263356e-05,0.6156279535325666
0.6990825688073397,0.3294493927868851,1.8832610999116843e-05,0.999873400166507,0.6990825688073397,0.393248488692086,1.6184205982682252e-05,0.6153639782151004
0.6972477064220184,0.3298044174162258,1.8852967966096378e-05,0.9998700920450574,0.6972477064220184,0.39334155393157766,1.619496811521499e-05,0.6151005807359979
0.6954128440366973,0.33016020122943046,1.887336892512073e-05,0.9998667595991719,0.6954128440366973,0.39343510860949954,1.6205744444883873e-05,0.6148377593326586
0.6935779816513763,0.3305167494329853,1.889381401861153e-05,0.9998634111443607,0.6935779816513763,0.3935291529380496,1.6216535015860386e-05,0.6145755122042829
0.691743119266055,0.33087406717820883,1.8914303389774423e-05,0.9998600547523893,0.691743119266055,0.3936236871085206,1.6227339872465176e-05,0.6143138375164199
0.689908256880734,0.3312321595611793,1.8934837182599055e-05,0.9998566982521879,0.689908256880734,0.393718711284806,1.6238159059168054e-05,0.6140527333909631
0.6880733944954129,0.3315910316220585,1.8955415541859085e-05,0.9998533492289425,0.6880733944954129,0.39381422560913404,1.6248992620588004e-05,0.6137921979152452
0.6862385321100919,0.3319506883492415,1.8976038613112175e-05,0.9998500150377367,0.6862385321100919,0.39391023020140115,1.6259840601493176e-05,0.6135322291411285
0.6844036697247708,0.3323111346732573,1.8996706542699993e-05,0.9998467027862716,0.6844036697247708,0.394006725155582,1.627070304680089e-05,0.6132728250795481
0.6825688073394496,0.332672375470312,1.9017419477748226e-05,0.9998434193466892,0.6825688073394496,0.39410371054431026,1.6281580001577638e-05,0.6130139837077877
0.6807339449541285,0.3330344155631289,1.9038177566166553e-05,0.9998401713592102,0.6807339449541285,0.3942011864152864,1.629247151103907e-05,0.6127557029640229
0.6788990825688075,0.3333972597181557,1.905898095664867e-05,0.9998369652248584,0.6788990825688075,0.39429915279177014,1.6303377620550016e-05,0.6124979807482305
0.6770642201834862,0.3337609126485207,1.907982979867228e-05,0.9998338071154649,0.6770642201834862,0.3943976096754181,1.6314298375624467e-05,0.6122408149267358
0.6752293577981652,0.3341253790094107,1.910072424249909e-05,0.999830702960935,0.6752293577981652,0.3944965570432697,1.6325233821925584e-05,0.6119842033276655
0.6733944954128441,0.33449066340528494,1.9121664439174815e-05,0.9998276584719861,0.6733944954128441,0.3945959948505881,1.6336184005265693e-05,0.6117281437454949
0.6715596330275231,0.33485677038190637,1.914265054052918e-05,0.9998246791174097,0.6715596330275231,0.3946959230260813,1.63471489716063e-05,0.6114726339337722
0.669724770642202,0.33522370443326177,1.916368269917592e-05,0.9998217701458998,0.669724770642202,0.3947963414759142,1.6358128767058063e-05,0.6112176716114845
0.6678899082568808,0.3355914699963179,1.9184761068512775e-05,0.9998189365715007,0.6678899082568808,0.39489725008421156,1.6369123437880826e-05,0.610963254463968
0.6660550458715597,0.3359600714549099,1.9205885802721483e-05,0.9998161831863399,0.6660550458715597,0.39499864871062046,1.6380133030483584e-05,0.6107093801392693
0.6642201834862387,0.3363295131350901,1.9227057056767806e-05,0.9998135145478955,0.6642201834862387,0.3951005371908071,1.639115759142451e-05,0.6104560462490554
0.6623853211009174,0.3366997993120838,1.9248274986401508e-05,0.9998109350008235,0.6623853211009174,0.3952029153357766,1.6402197167410948e-05,0.6102032503677037
0.6605504587155964,0.33707093420380047,1.9269539748156348e-05,0.9998084486587686,0.6605504587155964,0.3953057829364959,1.6413251805299397e-05,0.6099509900395788
0.6587155963302753,0.33744292197351067,1.9290851499350108e-05,0.9998060594134586,0.6587155963302753,0.39540913975791764,1.6424321552095542e-05,0.6096992627699365
0.6568807339449543,0.3378157667285456,1.9312210398084576e-05,0.999803770931976,0.6568807339449543,0.3955129855400629,1.643540645495423e-05,0.6094480660267436
0.6550458715596332,0.3381894725239101,1.9333616603245536e-05,0.9998015866685819,0.6550458715596332,0.39561732000265204,1.6446506561179462e-05,0.6091973972479536
0.653211009174312,0.3385640433588374,1.93550702745028e-05,0.9997995098556203,0.653211009174312,0.3957221428397072,1.6457621918224427e-05,0.6089472538333212
0.6513761467889909,0.33893948317516837,1.937657157231016e-05,0.9997975434998807,0.6513761467889909,0.39582745372182077,1.6468752573691474e-05,0.60869763314804
0.6495412844036699,0.3393157958646741,1.9398120657905443e-05,0.9997956904053353,0.6495412844036699,0.395933252298434,1.6479898575332122e-05,0.6084485325263813
0.6477064220183486,0.33969298526035707,1.9419717693310467e-05,0.9997939531485827,0.6477064220183486,0.39603953819064786,1.6491059971047058e-05,0.6081999492607792
0.6458715596330276,0.34007105514037816,1.944136284133106e-05,0.9997923340915804,0.6458715596330276,0.3961463109994143,1.6502236808886132e-05,0.6079518806145643
0.6440366972477065,0.34045000923077096,1.9463056265557056e-05,0.9997908353907405,0.6440366972477065,0.39625357030308606,1.6513429137048372e-05,0.6077043238183251
0.6422018348623855,0.34082985120166437,1.948479813036231e-05,0.9997894589869247,0.6422018348623855,0.3963613156543623,1.6524637003881964e-05,0.6074572760653609
0.6403669724770644,0.34121058466565085,1.9506588600904666e-05,0.9997882066018065,0.6403669724770644,0.39646954658197325,1.6535860457884276e-05,0.6072107345144104
0.6385321100917432,0.3415922131845352,1.9528427843125986e-05,0.9997870797587893,0.6385321100917432,0.3965782625917769,1.6547099547701827e-05,0.6069646962914703
0.6366972477064221,0.34197474026275115,1.9550316023752137e-05,0.9997860797648173,0.6366972477064221,0.3966874631696451,1.6558354322130318e-05,0.606719158494343
0.6348623853211011,0.3423581693500769,1.9572253310292994e-05,0.9997852077194693,0.6348623853211011,0.3967971477700787,1.6569624830114616e-05,0.6064741181753561
0.6330275229357798,0.3427425038415634,1.9594239871042445e-05,0.9997844645158693,0.6330275229357798,0.39690731583038175,1.658091112074875e-05,0.6062295723631905
0.6311926605504588,0.3431277470796461,1.961627587507837e-05,0.9997838508479617,0.6311926605504588,0.39701796676344303,1.6592213243275922e-05,0.6059855180519662
0.6293577981651377,0.34351390234752194,1.9638361492262672e-05,0.9997833671923217,0.6293577981651377,0.3971290999564494,1.6603531247088502e-05,0.6057419521994234
0.6275229357798167,0.343900972876247,1.9660496893241256e-05,0.9997830138299832,0.6275229357798167,0.39724071477377204,1.6614865181728032e-05,0.60549887173147
0.6256880733944956,0.344288961842485,1.9682682249444035e-05,0.9997827908409818,0.6256880733944956,0.3973528105574742,1.662621509688521e-05,0.6052562735430911
0.6238532110091743,0.34467787236780995,1.9704917733084934e-05,0.999782698103445,0.6238532110091743,0.39746538662603176,1.663758104239992e-05,0.60501415449653
0.6220183486238533,0.34506770751580523,1.972720351716187e-05,0.9997827352863169,0.6220183486238533,0.39757844226945704,1.6648963068261197e-05,0.6047725114140121
0.6201834862385323,0.3454584703001431,1.9749539775456784e-05,0.9997829018739139,0.6201834862385323,0.39769197676295404,1.666036122460726e-05,0.6045313410986637
0.618348623853211,0.34585016367572957,1.9771926682535623e-05,0.9997831971413689,0.618348623853211,0.3978059893518879,1.6671775561725485e-05,0.604290640311774
0.6165137614678899,0.34624279054490736,1.979436441374833e-05,0.99978362017373,0.6165137614678899,0.3979204792582642,1.6683206130052415e-05,0.6040504057828002
0.6146788990825689,0.3466363537539263,1.9816853145228865e-05,0.9997841698568664,0.6146788990825689,0.3980354456836353,1.6694652980173777e-05,0.6038106342139145
0.6128440366972479,0.3470308560944408,1.9839393053895198e-05,0.9997848448829245,0.6128440366972479,0.3981508878030207,1.670611616282445e-05,0.6035713222709091
0.6110091743119268,0.3474263003031205,1.9861984317449297e-05,0.9997856437503287,0.6110091743119268,0.39826680476960813,1.6717595728888484e-05,0.6033324665904729
0.6091743119266055,0.34782268906315755,1.9884627114377146e-05,0.9997865647692379,0.6091743119266055,0.3983831957140678,1.6729091729399106e-05,0.603094063779281
0.6073394495412845,0.3482200250003986,1.990732162394873e-05,0.9997876060515409,0.6073394495412845,0.3985000597390532,1.6740604215538702e-05,0.6028561104058099
0.6055045871559634,0.34861831068737886,1.9930068026218048e-05,0.99978876552359,0.6055045871559634,0.39861739592811896,1.6752133238638833e-05,0.6026186030139797
0.6036697247706422,0.3490175486416686,1.9952866502023103e-05,0.9997900409225622,0.6036697247706422,0.39873520334142987,1.6763678850180227e-05,0.6023815381167879
0.6018348623853211,0.349417741326116,1.99757172329859e-05,0.9997914297982788,0.6018348623853211,0.3988534810102479,1.6775241101792774e-05,0.6021449121881233
0.6000000000000001,0.3498188911481362,1.9998620401512465e-05,0.9997929295122958,0.6000000000000001,0.3989722279488794,1.678682004525554e-05,0.6019087216809567
0.598165137614679,0.3502210004605892,2.0021576190792822e-05,0.9997945372415415,0.598165137614679,0.39909144314374617,1.679841573249675e-05,0.6016729630109694
0.596330275229358,0.35062407156138725,2.0044584784801e-05,0.9997962499783171,0.596330275229358,0.3992111255587132,1.6810028215593815e-05,0.601437632564739
0.5944954128440367,0.35102810669341983,2.0067646368295045e-05,0.9997980645312055,0.5944954128440367,0.3993312741362066,1.6821657546773297e-05,0.6012027267015583
0.5926605504587157,0.3514331080447962,2.0090761126817e-05,0.9997999775268909,0.5926605504587157,0.3994518877910845,1.6833303778410934e-05,0.60096824174434
0.5908256880733946,0.3518390777490917,2.011392924669293e-05,0.9998019854119775,0.5908256880733946,0.3995729654183947,1.684496696303163e-05,0.6007341739914409
0.5889908256880734,0.3522460178855936,2.0137150915032892e-05,0.9998040844548086,0.5889908256880734,0.39969450588663663,1.6856647153309456e-05,0.6005005197066566
0.5871559633027523,0.3526539304766634,2.016042631973096e-05,0.9998062707391,0.5871559633027523,0.3998165080449273,1.6868344402067657e-05,0.6002672751301361
0.5853211009174313,0.35306281749150276,2.0183755649465208e-05,0.9998085401757635,0.5853211009174313,0.39994074758186077,1.688005876227864e-05,0.6000371023264961
0.5834862385321102,0.3534726808438369,2.0207139093697726e-05,0.9998108884974499,0.5834862385321102,0.4000692207963512,1.6891790391423587e-05,0.5998129830095422
0.5816513761467892,0.3538835223928012,2.0230576842674607e-05,0.9998133112621872,0.5816513761467892,0.400200102691277,1.6903539460202983e-05,0.599592164940077
0.5798165137614679,0.3542953439428666,2.0254069087425955e-05,0.9998158038542897,0.5798165137614679,0.4003313502061226,1.6915306019757552e-05,0.5993715812628579
0.5779816513761469,0.3547081472431197,2.0277616019765874e-05,0.9998183614834488,0.5779816513761469,0.4004629719074144,1.692709012159485e-05,0.5991512431664887
0.5761467889908258,0.3551219339871834,2.0301217832292485e-05,0.9998209791856425,0.5761467889908258,0.4005949784878759,1.6938891817718475e-05,0.5989311649709634
0.5743119266055046,0.3555367058157245,2.0324874718387912e-05,0.9998236518313206,0.5743119266055046,0.4007273805658964,1.6950711160628062e-05,0.5987113608289292
0.5724770642201835,0.3559524643131506,2.034858687221828e-05,0.9998263741172195,0.5724770642201835,0.4008601886766953,1.6962548203319275e-05,0.598491844712953
0.5706422018348625,0.35636921100882246,2.0372354488733734e-05,0.9998291405709097,0.5706422018348625,0.4009934132799087,1.6974402999283813e-05,0.5982726304273456
0.5688073394495414,0.35678694737794997,2.0396177763668422e-05,0.9998319455544333,0.5688073394495414,0.4011270647556169,1.6986275602509425e-05,0.5980537316027039
0.5669724770642204,0.3572056748398946,2.042005689354049e-05,0.9998347832606669,0.5669724770642204,0.4012611534058507,1.6998166067479882e-05,0.5978351616986401
0.5651376146788991,0.3576253947619915,2.044399207565211e-05,0.999837647725144,0.5651376146788991,0.4013956894561028,1.7010074449174996e-05,0.5976169340065098
0.5633027522935781,0.35804610845232343,2.046798350808945e-05,0.9998405328069566,0.5633027522935781,0.40153068305134526,1.7022000803070617e-05,0.5973990616439551
0.561467889908257,0.358467817166792,2.049203138972268e-05,0.9998434322096728,0.561467889908257,0.40166614425814673,1.7033945185138623e-05,0.5971815575585424
0.5596330275229358,0.3588905221070977,2.0516135920205986e-05,0.9998463394767896,0.5596330275229358,0.4018020830649635,1.704590765184694e-05,0.5969644345286724
0.5577981651376147,0.35931422441772504,2.0540297299977564e-05,0.9998492479844572,0.5577981651376147,0.4019385093824307,1.7057888260159514e-05,0.5967477051644892
0.5559633027522937,0.3597389251904327,2.0564515730259607e-05,0.999852150955121,0.5559633027522937,0.40207543304365584,1.7069887067536344e-05,0.5965313819087896
0.5541284403669726,0.36016462546058536,2.0588791413058328e-05,0.9998550414484271,0.5541284403669726,0.40221286380206,1.7081904131933456e-05,0.5963154770342953
0.5522935779816516,0.360591326210019,2.0613124551163942e-05,0.9998579123703166,0.5522935779816516,0.4023508113322787,1.7093939511802913e-05,0.5961000026454712
0.5504587155963303,0.3610190283643441,2.0637515348150668e-05,0.99986075646666,0.5504587155963303,0.4024892852335251,1.7105993266092815e-05,0.5958849706839828
0.5486238532110093,0.36144773279581927,2.0661964008376737e-05,0.9998635663323512,0.5486238532110093,0.4026282950225164,1.7118065454247292e-05,0.5956703929186915
0.5467889908256882,0.36187744031900343,2.0686470736984384e-05,0.9998663344003944,0.5467889908256882,0.4027678501405196,1.713015613620652e-05,0.5954562809565687
0.544954128440367,0.36230815169725233,2.071103573989986e-05,0.999869052961003,0.544954128440367,0.40290795994811557,1.7142265372406707e-05,0.5952426462354197
0.5431192660550459,0.36273986763738275,2.0735659223833406e-05,0.9998717141479574,0.5431192660550459,0.4030486337304131,1.7154393223780088e-05,0.5950295000320693
0.5412844036697249,0.36317258879090675,2.076034139627929e-05,0.9998743099431522,0.5412844036697249,0.40318988069488876,1.716653975175495e-05,0.5948168534596334
0.5394495412844038,0.36360631575494284,2.078508246551578e-05,0.9998768321802345,0.5394495412844038,0.4033317099642809,1.7178705018255602e-05,0.5946047174575142
0.5376146788990828,0.36404104907114704,2.0809882640605146e-05,0.9998792725427847,0.5376146788990828,0.4034741305892108,1.71908890857024e-05,0.5943931028104998
0.5357798165137615,0.36447678922861554,2.083474213139368e-05,0.9998816225734117,0.5357798165137615,0.40361715154232203,1.7203092017011724e-05,0.594182020140579
0.5339449541284405,0.3649135366575126,2.085966114851166e-05,0.9998838736573816,0.5339449541284405,0.40376078171363355,1.7215313875596003e-05,0.5939714799005742
0.5321100917431194,0.3653512917366122,2.0884639903373388e-05,0.9998860170444459,0.5321100917431194,0.40390502991515165,1.7227554725363693e-05,0.5937614923814181
0.5302752293577981,0.36579005478924725,2.0909678608177175e-05,0.9998880438388369,0.5302752293577981,0.4040499048836453,1.7239814630719288e-05,0.5935520677167005
0.5284403669724771,0.36622982608222804,2.0934777475905324e-05,0.9998899449974488,0.5284403669724771,0.4041954152772378,1.7252093656563316e-05,0.5933432158781216
0.526605504587156,0.36667060582908956,2.095993672032416e-05,0.999891711339842,0.526605504587156,0.40434156967260443,1.7264391868292345e-05,0.593134946671853
0.524770642201835,0.3671123941873501,2.098515655598401e-05,0.9998933335418769,0.524770642201835,0.40448837657208486,1.727670933179898e-05,0.5929272697494525
0.522935779816514,0.36755519126076647,2.1010437198219214e-05,0.9998948021429896,0.522935779816514,0.4046358443953044,1.7289046113471857e-05,0.5927201945960405
0.5211009174311927,0.36799899709758777,2.103577886314811e-05,0.9998961075425541,0.5211009174311927,0.4047839814875353,1.730140228019565e-05,0.5925137305430326
0.5192660550458716,0.36844381169147794,2.1061181767673047e-05,0.99989724000352,0.5192660550458716,0.40493279611441524,1.7313777899351063e-05,0.5923078867608638
0.5174311926605506,0.3688896349811031,2.1086646129480385e-05,0.9998981896524128,0.5174311926605506,0.4050822964603772,1.7326173038814854e-05,0.5921026722571696
0.5155963302752293,0.36933646684971577,2.1112172167040492e-05,0.999898946479334,0.5155963302752293,0.4052324906357885,1.7338587766959797e-05,0.5918980958877
0.5137614678899083,0.3697843071270901,2.1137760099607737e-05,0.999899500344327,0.5137614678899083,0.4053833866704145,1.735102215265471e-05,0.5916941663472244
0.5119266055045872,0.370233155587094,2.11634101472205e-05,0.9998998409719206,0.5119266055045872,0.405534992517453,1.736347626526445e-05,0.5914908921758979
0.5100917431192662,0.37068301194861536,2.1189122530701175e-05,0.9998999579547672,0.5100917431192662,0.40568731604760316,1.7375950174649904e-05,0.5912882817510763
0.5082568807339451,0.37113387587649393,2.1214897471656152e-05,0.9998998407572799,0.5082568807339451,0.4058403650593446,1.7388443951167996e-05,0.5910863433027771
0.5064220183486239,0.37158574697840563,2.124073519247584e-05,0.9998994787083575,0.5064220183486239,0.40599414726551486,1.7400957665671695e-05,0.5908850848945804
0.5045871559633028,0.3720386248108601,2.1266635916334645e-05,0.9998988610186643,0.5045871559633028,0.4061486703085946,1.741349138950999e-05,0.5906845144463659
0.5027522935779818,0.3724925088740614,2.129259986719098e-05,0.9998979767678975,0.5027522935779818,0.4063039417472736,1.7426045194527915e-05,0.5904846397152141
0.5009174311926605,0.3729473986111416,2.1318627269787285e-05,0.9998968149038774,0.5009174311926605,0.40645996906174503,1.743861915306655e-05,0.5902854683035912
0.4990825688073395,0.3734032934124826,2.1344718349649985e-05,0.9998953642552806,0.4990825688073395,0.4066167596565164,1.7451213337962984e-05,0.5900870076638967
0.49724770642201843,0.3738601926139489,2.1370873333089515e-05,0.9998936135280019,0.49724770642201843,0.4067743208582165,1.7463827822550372e-05,0.589889265095735
0.4954128440366974,0.3743180954954491,2.1397092447200335e-05,0.9998915513024258,0.4954128440366974,0.40693265991150884,1.7476462680657882e-05,0.5896922477404587
0.49357798165137634,0.3747770012818711,2.1423375919860895e-05,0.9998891660370646,0.49357798165137634,0.40709178398629353,1.7489117986610734e-05,0.5894959625920819
0.4917431192660551,0.37523690914402563,2.144972397973366e-05,0.9998864460721961,0.4917431192660551,0.40725170017111295,1.7501793815230174e-05,0.5893004164881859
0.489908256880734,0.37569781819788833,2.14761368562651e-05,0.9998833796289546,0.489908256880734,0.4074124154772217,1.7514490241833486e-05,0.5891056161162851
0.488073394495413,0.3761597275045193,2.1502614779685694e-05,0.9998799548102397,0.488073394495413,0.4075739368407861,1.7527207342233992e-05,0.5889115680174655
0.4862385321100917,0.37662263606827073,2.1529157981009934e-05,0.9998761595970791,0.4862385321100917,0.40773627111564437,1.753994519274105e-05,0.5887182785763798
0.48440366972477067,0.3770865428425259,2.15557666920363e-05,0.9998719818649988,0.48440366972477067,0.4078994250767527,1.755270387016005e-05,0.5885257540267048
0.4825688073394496,0.377551446721402,2.1582441145347307e-05,0.9998674093631053,0.4825688073394496,0.40806340542427627,1.7565483451792422e-05,0.5883340004575075
0.4807339449541286,0.3780173465472069,2.1609181574309454e-05,0.9998624297350034,0.4807339449541286,0.40822821877633547,1.757828401543563e-05,0.5881430238032408
0.47889908256880753,0.3784842411062478,2.1635988213073267e-05,0.9998570305087924,0.47889908256880753,0.4083938716775147,1.7591105639383178e-05,0.5879528298564765
0.47706422018348627,0.378952232364472,2.1662861296573264e-05,0.9998514714816338,0.47706422018348627,0.4085603705890741,1.76039484024246e-05,0.5877634242542626
0.4752293577981652,0.37942318753250287,2.1689801075224196e-05,0.9998506622023342,0.4752293577981652,0.40872772189493495,1.761681238384547e-05,0.5875748124872189
0.4733944954128442,0.3798976738860603,2.1716808051841707e-05,0.9998560548701789,0.4733944954128442,0.40889593190452644,1.762969766342739e-05,0.5873869999040835
0.4715596330275229,0.3803737861159197,2.1743882559359085e-05,0.9998626026599595,0.4715596330275229,0.4090650068442405,1.7642604321448015e-05,0.5871999916998902
0.46972477064220186,0.3808508315721516,2.1771024832322924e-05,0.9998684719776065,0.46972477064220186,0.40923495286469924,1.7655532438681014e-05,0.5870137929268822
0.4678899082568808,0.3813288246606103,2.1798235107192246e-05,0.9998736922298121,0.4678899082568808,0.4094057760366353,1.766848209639611e-05,0.5868284084890547
0.46605504587155977,0.38180777965562795,2.1825513622338497e-05,0.9998782922566534,0.46605504587155977,0.40957748235373703,1.7681453376359054e-05,0.5866438431467031
0.4642201834862387,0.3822877106944628,2.185286061804554e-05,0.9998823003197685,0.4642201834862387,0.409750077730424,1.7694446360831635e-05,0.5864601015136941
0.46238532110091746,0.38276863178354403,2.1880276336509668e-05,0.9998857441214568,0.46238532110091746,0.4099235680046991,1.7707461132571677e-05,0.586277188062013
0.4605504587155964,0.38325055679325876,2.190776102183958e-05,0.9998886507937641,0.4605504587155964,0.4100979589327416,1.7720497774833037e-05,0.5860951071144882
0.45871559633027537,0.3837334994617753,2.1935314920056405e-05,0.9998910469112161,0.45871559633027537,0.410273256196849,1.7733556371365613e-05,0.5859138628566143
0.4568807339449541,0.38421747339260365,2.1962938279093697e-05,0.9998929584871803,0.4568807339449541,0.4104494653949329,1.774663700641534e-05,0.5857334593220003
0.45504587155963305,0.38470249205388685,2.199063134879742e-05,0.9998944109747754,0.45504587155963305,0.41062659205165214,1.775973976472418e-05,0.5855539004087404
0.453211009174312,0.3851885687836442,2.2018394380925976e-05,0.9998954292832423,0.453211009174312,0.4108046416136406,1.7772864731530137e-05,0.5853751898730479
0.45137614678899096,0.3856757167827739,2.204622762915017e-05,0.9998960377624826,0.45137614678899096,0.410983619446628,1.7786011992567257e-05,0.5851973313256167
0.4495412844036699,0.38616394912064894,2.2074131349053242e-05,0.9998962602203392,0.4495412844036699,0.4111635308370238,1.7799181634065607e-05,0.58502032823435
0.44770642201834865,0.38665327873020394,2.2102105798130852e-05,0.9998961199125915,0.44770642201834865,0.41134438099542725,1.7812373742751308e-05,0.5848441839298175
0.4458715596330276,0.38714371841249184,2.213015123579107e-05,0.9998956395575078,0.4458715596330276,0.41152617505375044,1.78255884058465e-05,0.5846689016016171
0.44403669724770656,0.387635280834577,2.2158267923354398e-05,0.9998948413331163,0.44403669724770656,0.4117089180655332,1.7838825711069368e-05,0.5844944842992845
0.4422018348623853,0.38812797852952935,2.218645612405376e-05,0.999893746879934,0.4422018348623853,0.41189261500305296,1.7852085746634136e-05,0.5843209349286553
0.44036697247706424,0.3886218238957116,2.2214716103034493e-05,0.999892377301876,0.44036697247706424,0.41207727076597017,1.786536860125105e-05,0.5841482562645979
0.4385321100917432,0.38911682919924706,2.224304812735436e-05,0.9998907531753503,0.4385321100917432,0.4122628901694674,1.7878674364126407e-05,0.5839764509346423
0.43669724770642215,0.38961300657048087,2.227145246598355e-05,0.9998888945428916,0.43669724770642215,0.41244947795418047,1.7892003124962536e-05,0.5838055214335327
0.4348623853211011,0.39011036800715615,2.2299929389804663e-05,0.9998868209240754,0.4348623853211011,0.41263703878267183,1.79053549739578e-05,0.5836354701186792
0.43302752293577984,0.39060892537370634,2.2328479171612735e-05,0.999884551316427,0.43302752293577984,0.4128255772358872,1.7918730001806593e-05,0.583466299205611
0.4311926605504588,0.3911086903998305,2.2357102086115206e-05,0.9998821041945121,0.4311926605504588,0.4130150978199007,1.7932128299699353e-05,0.5832980107779804
0.42935779816513775,0.3916096746804825,2.238579840993195e-05,0.9998794975126657,0.42935779816513775,0.4132056049617338,1.794554995932255e-05,0.583130606782106
0.4275229357798165,0.3921118896794267,2.2414568421595253e-05,0.9998767487168152,0.4275229357798165,0.41339710300644633,1.7958995072858696e-05,0.582964089023335
0.42568807339449544,0.3926153467242499,2.2443412401549835e-05,0.999873874734476,0.42568807339449544,0.4135895962251849,1.7972463732986324e-05,0.5827984591778659
0.4238532110091744,0.3931200570092017,2.2472330632152822e-05,0.9998708919847559,0.4238532110091744,0.4137830888103516,1.798595603288002e-05,0.5826337187863828
0.42201834862385335,0.3936260315951925,2.2501323397673773e-05,0.9998678163810837,0.42201834862385335,0.4139775848726883,1.7999472066210397e-05,0.5824698692504171
0.4201834862385323,0.3941332814094327,2.2530390984294663e-05,0.9998646633330281,0.4201834862385323,0.41417308844999223,1.8013011927144106e-05,0.5823069118450803
0.41834862385321103,0.3946418172443518,2.2559533680109896e-05,0.9998614477462979,0.41834862385321103,0.414369603495155,1.802657571034383e-05,0.5821448477026934
0.41651376146789,0.39515164975974276,2.2588751775126283e-05,0.9998581840309271,0.41651376146789,0.41456713388747074,1.8040163510968298e-05,0.5819836778291574
0.41467889908256894,0.395662789480606,2.2618045561263068e-05,0.9998548860985466,0.41467889908256894,0.4147656834258409,1.8053775424672262e-05,0.5818234030948588
0.4128440366972477,0.3961752467978576,2.2647415332351914e-05,0.9998515673669317,0.4128440366972477,0.41496525583168176,1.806741154760652e-05,0.5816640242392168
0.41100917431192663,0.39668903197012734,2.26768613841369e-05,0.9998482407672782,0.41100917431192663,0.41516585474859724,1.80810719764179e-05,0.5815055418706834
0.4091743119266056,0.3972041551212335,2.270638401427453e-05,0.999844918740564,0.4091743119266056,0.4153674837401014,1.8094756808249268e-05,0.5813479564640147
0.40733944954128454,0.39772062624053395,2.2735983522333733e-05,0.9998416132411876,0.40733944954128454,0.4155701462938339,1.810846614073953e-05,0.5811912683666378
0.4055045871559635,0.3982384551841835,2.2765660209795856e-05,0.9998383357428793,0.4055045871559635,0.4157738458160315,1.8122200072023622e-05,0.5810354777913744
0.4036697247706422,0.3987576516753148,2.2795414380054668e-05,0.9998350972418848,0.4036697247706422,0.41597858563574464,1.8135958700732518e-05,0.5808805848228076
0.4018348623853212,0.39927822530131424,2.2825246338416356e-05,0.9998319082528724,0.4018348623853212,0.41618436900516204,1.8149742125993225e-05,0.580726589418191
0.40000000000000013,0.39980018551744056,2.285515639209953e-05,0.9998287788207563,0.40000000000000013,0.41639119909732725,1.816355044742879e-05,0.5805734914047207
0.39816513761467887,0.4003235416448285,2.288514485023523e-05,0.999825718518423,0.39816513761467887,0.41659907900515103,1.8177383765158302e-05,0.5804212904786255
0.3963302752293578,0.40084830287029855,2.2915212023866898e-05,0.9998227364490049,0.3963302752293578,0.4168080117469505,1.819124217979687e-05,0.5802699862133522
0.3944954128440368,0.4013744782463496,2.2945358225950417e-05,0.999819841248609,0.3944954128440368,0.41701800025959324,1.8205125792455648e-05,0.5801195780504713
0.39266055045871573,0.4019020766929774,2.2975583771354078e-05,0.9998170410935927,0.39266055045871573,0.41722904740142297,1.821903470474183e-05,0.5799700653042237
0.3908256880733947,0.40243110699493345,2.3005888976858605e-05,0.999814343696471,0.3908256880733947,0.41744115595257975,1.823296901875864e-05,0.5798214471624306
0.3889908256880734,0.4029615778044591,2.3036274161157136e-05,0.9998117563154665,0.3889908256880734,0.4176543286185981,1.8246928837105345e-05,0.5796737226919504
0.38715596330275237,0.40349349763927095,2.3066739644855226e-05,0.9998092857522352,0.38715596330275237,0.41786856802221595,1.826091426287723e-05,0.5795268908277649
0.3853211009174313,0.4040268748834693,2.3097285750470858e-05,0.9998069383568691,0.3853211009174313,0.41808387671024355,1.8274925399665637e-05,0.5793809503829834
0.38348623853211006,0.40456171778643124,2.3127912802434442e-05,0.9998047200278961,0.38348623853211006,0.41830025714863756,1.8288962351557935e-05,0.5792359000424767
0.381651376146789,0.4050980344648257,2.3158621127088796e-05,0.9998026362200108,0.381651376146789,0.41851771172872887,1.8303025223137524e-05,0.5790917383719716
0.37981651376146797,0.4056358329018782,2.318941105268916e-05,0.9998006919449836,0.37981651376146797,0.41873624276065224,1.8317114119483853e-05,0.5789484638094109
0.3779816513761469,0.40617512094496694,2.322028290940321e-05,0.9997988917684779,0.3779816513761469,0.4189558524756291,1.8331229146172392e-05,0.5788060746685915
0.3761467889908259,0.4067159063093039,2.3251237029311036e-05,0.9997972398218735,0.3761467889908259,0.41917654302958346,1.834537040927466e-05,0.578664569144621
0.3743119266055046,0.40725819657664397,2.3282273746405144e-05,0.9997957398018116,0.3743119266055046,0.4193983164991868,1.83595380153582e-05,0.5785239453089162
0.37247706422018356,0.40780199919250065,2.331339339659046e-05,0.9997943949661021,0.37247706422018356,0.4196211748795384,1.8373732071486603e-05,0.5783842011064735
0.3706422018348625,0.4083473214713255,2.3344596317684338e-05,0.9997932081491854,0.3706422018348625,0.4198451200923969,1.8387952685219482e-05,0.5782453343676934
0.36880733944954125,0.40889417059205796,2.3375882849416557e-05,0.9997921817539464,0.36880733944954125,0.4200701539769397,1.8402199964612507e-05,0.5781073427961019
0.3669724770642202,0.40944255360090226,2.340725333342931e-05,0.9997913177612645,0.3669724770642202,0.42029627829634963,1.8416474018217356e-05,0.5779702239778999
0.36513761467889916,0.4099924774087196,2.3438708113277207e-05,0.9997906177263758,0.36513761467889916,0.42052349473450584,1.8430774955081766e-05,0.577833975377871
0.3633027522935781,0.41054394879400063,2.3470247534427293e-05,0.999790082788877,0.3633027522935781,0.42075180489663194,1.8445102884749498e-05,0.5776985943407453
0.36146788990825707,0.4110969744006262,2.3501871944259024e-05,0.9997897136699976,0.36146788990825707,0.4209812103112737,1.8459457917260355e-05,0.5775640780943831
0.3596330275229358,0.4116515607389812,2.3533581692064284e-05,0.9997895106780561,0.3596330275229358,0.4212117124273091,1.8473840163150176e-05,0.5774304237461365
0.35779816513761475,0.4122077141852008,2.3565377129047367e-05,0.9997894737093702,0.35779816513761475,0.421443312615924,1.8488249733450828e-05,0.5772976282860327
0.3559633027522937,0.412765440981915,2.3597258608325e-05,0.9997896022528039,0.3559633027522937,0.4216760121692748,1.850268673969022e-05,0.57716568858541
0.35412844036697244,0.41332474723843277,2.3629226484926327e-05,0.9997898953929507,0.35412844036697244,0.42190981230113966,1.8517151293892303e-05,0.5770346013982817
0.3522935779816514,0.41388563892829383,2.3661281115792915e-05,0.9997903518069506,0.3522935779816514,0.42214471414690513,1.853164350857705e-05,0.5769043633617912
0.35045871559633035,0.41444812189415126,2.3693422859778746e-05,0.9997909697790419,0.35045871559633035,0.4223807187655533,1.8546163496760474e-05,0.576774970999395
0.3486238532110093,0.41501220184212423,2.3725652077650232e-05,0.9997917471896471,0.3486238532110093,0.4226178271339901,1.8560711371954637e-05,0.5766464207135868
0.34678899082568826,0.41557788434631043,2.3757969132086203e-05,0.9997926815290157,0.34678899082568826,0.42285604015535677,1.8575287248167622e-05,0.576518708797721
0.344954128440367,0.41614517484557606,2.379037438767791e-05,0.9997937698922215,0.344954128440367,0.4230953586506889,1.8589891239903554e-05,0.5763918314250986
0.34311926605504595,0.41671407864638366,2.3822868210929023e-05,0.9997950089887127,0.34311926605504595,0.4233357833628972,1.8604523462162593e-05,0.5762657846548791
0.3412844036697249,0.4172846009199509,2.3855450970255633e-05,0.9997963951382189,0.3412844036697249,0.4235773149604317,1.861918403044093e-05,0.5761405644375373
0.33944954128440363,0.41785674670451534,2.3888123035986265e-05,0.999797924278937,0.33944954128440363,0.42381995402824874,1.8633873060730806e-05,0.5760161666030399
0.3376146788990826,0.41843052090438426,2.392088478036184e-05,0.9997995919679852,0.3376146788990826,0.4240637010768163,1.8648590669520482e-05,0.5758925868735787
0.33577981651376154,0.41900592828935673,2.3953736577535726e-05,0.9998013933827679,0.33577981651376154,0.4243085565350774,1.8663336973794264e-05,0.5757698208544753
0.3339449541284405,0.4195829734971951,2.39866788035737e-05,0.9998033233296155,0.3339449541284405,0.4245545207574636,1.867811209103249e-05,0.5756478640441856
0.33211009174311945,0.42016166102980956,2.401971183645396e-05,0.9998053762374184,0.33211009174311945,0.42480159401785383,1.8692916139211538e-05,0.5755267118265692
0.3302752293577982,0.4207419952559185,2.4052836056067133e-05,0.9998075461667213,0.3302752293577982,0.4250497765092118,1.8707749236803816e-05,0.5754063594708896
0.32844036697247714,0.4213239804108556,2.4086051844216253e-05,0.9998098268119975,0.32844036697247714,0.42529906835061926,1.8722611502777778e-05,0.575286802141818
0.3266055045871561,0.4219076205952249,2.411935958461679e-05,0.9998122115011938,0.3266055045871561,0.42554946958155637,1.8737503056597898e-05,0.5751680348921582
0.3247706422018348,0.42249291977738695,2.415275966289663e-05,0.999814693204371,0.3247706422018348,0.42580098016288936,1.8752424018224702e-05,0.5750500526646647
0.3229357798165138,0.42307988179019307,2.4186252466596076e-05,0.9998172645287013,0.3229357798165138,0.4260535999744913,1.8767374508114745e-05,0.574932850289315
0.32110091743119273,0.4236685103330882,2.4219838385167855e-05,0.9998199177261995,0.32110091743119273,0.4263073288219583,1.8782354647220612e-05,0.5748164224928587
0.3192660550458717,0.42425880897230145,2.425351780997712e-05,0.9998226446969056,0.3192660550458717,0.4265621664305314,1.879736455699094e-05,0.5747007638910873
0.31743119266055064,0.4248507811394919,2.428729113430144e-05,0.9998254369884307,0.31743119266055064,0.4268181124470941,1.881240435937038e-05,0.5745858689920169
0.3155963302752294,0.42544443013386685,2.4321158753330814e-05,0.9998282858036873,0.3155963302752294,0.4270751664425197,1.8827474176799647e-05,0.5744717321995267
0.31376146788990833,0.42603975911869746,2.4355121064167642e-05,0.9998311819954324,0.31376146788990833,0.4273333279042153,1.884257413221546e-05,0.574358347803809
0.3119266055045873,0.4266367711242098,2.4389178465826765e-05,0.9998341160758173,0.3119266055045873,0.42759259624522333,1.8857704349050597e-05,0.5742457099941021
0.310091743119266,0.4272354690477787,2.4423331359235447e-05,0.9998370782195707,0.310091743119266,0.4278529708011648,1.8872864951233865e-05,0.5741338128550524
0.30825688073394497,0.42783585565217763,2.4457580147233354e-05,0.9998400582626346,0.30825688073394497,0.4281144508251337,1.8888056063190107e-05,0.574022650360348
0.3064220183486239,0.428437933566347,2.4491925234572585e-05,0.9998430457067116,0.3064220183486239,0.42837703549580325,1.89032778098402e-05,0.5739122163840875
0.3045871559633029,0.42904170528519375,2.4526367027917666e-05,0.9998460297215388,0.3045871559633029,0.42864072391164304,1.891853031660106e-05,0.5738025046935036
0.30275229357798183,0.4296471731699747,2.456090593584554e-05,0.9998489991485258,0.30275229357798183,0.42890551509258784,1.893381370938563e-05,0.5736935089516919
0.30091743119266057,0.43025433944848746,2.4595542368845562e-05,0.9998519425039376,0.30091743119266057,0.4291714079817131,1.8949128114602912e-05,0.5735852227203395
0.2990825688073395,0.43086320621428426,2.463027673931952e-05,0.9998548479798046,0.2990825688073395,0.42943840144112894,1.8964473659157916e-05,0.5734776394547225
0.2972477064220185,0.4314737754274474,2.466510946158162e-05,0.9998577034484697,0.2972477064220185,0.4297064942580789,1.8979850470451705e-05,0.5733707525123464
0.2954128440366972,0.4320860489128179,2.470004095185849e-05,0.9998604964612241,0.2954128440366972,0.42997568513844675,1.8995258676381375e-05,0.5732645551447604
0.29357798165137616,0.4327000283633248,2.473507162828917e-05,0.9998632142587667,0.29357798165137616,0.4302459727108134,1.901069840534005e-05,0.5731590405034694
0.2917431192660551,0.43331571533782554,2.4770201910925135e-05,0.9998658437689301,0.2917431192660551,0.4305173555264337,1.90261697862169e-05,0.5730542016403888
0.28990825688073407,0.4339331112603089,2.4805432221730277e-05,0.9998683716075902,0.28990825688073407,0.4307898320568189,1.9041672948397124e-05,0.5729500315051155
0.288073394495413,0.4345522174206722,2.4840762984580907e-05,0.999870784083214,0.288073394495413,0.4310634006957552,1.9057208021761963e-05,0.5728465229481117
0.28623853211009176,0.4351730349762971,2.487619462526576e-05,0.9998730672032252,0.28623853211009176,0.4313380597582496,1.9072775136688695e-05,0.5727436687197951
0.2844036697247707,0.43579556495046756,2.4911727571485982e-05,0.9998752066730958,0.2844036697247707,0.4316138074815257,1.9088374424050623e-05,0.5726414614723581
0.28256880733944967,0.43641980823097304,2.4947362252855158e-05,0.9998771878958905,0.28256880733944967,0.43189064202328104,1.9104006015217098e-05,0.5725398937579484
0.2807339449541284,0.43704576557525854,2.4983099100899285e-05,0.9998789959868191,0.2807339449541284,0.4321685614657695,1.91196700420535e-05,0.5724389580345814
0.27889908256880735,0.4376734376030788,2.5018938549056778e-05,0.9998806157591389,0.27889908256880735,0.4324475638085662,1.913536663692124e-05,0.5723386466570446
0.2770642201834863,0.4383028248022462,2.5054881032678474e-05,0.9998820317400714,0.2770642201834863,0.43272764697780197,1.915109593267778e-05,0.5722389518896307
0.27522935779816526,0.438933927527241,2.5090926989027638e-05,0.9998832281703471,0.27522935779816526,0.43300880881754567,1.916685806267661e-05,0.5721398658952239
0.2733944954128442,0.4395667459968107,2.5127076857279952e-05,0.9998841890014774,0.2733944954128442,0.4332910470938881,1.918265316076725e-05,0.5720413807412115
0.27155963302752295,0.44020128029775457,2.5163331078523527e-05,0.9998848979071226,0.27155963302752295,0.4335743594959432,1.9198481361295267e-05,0.5719434884013026
0.2697247706422019,0.44083753038252554,2.5199690095758875e-05,0.9998853382803645,0.2697247706422019,0.4338591052167856,1.921434279910225e-05,0.5718466573366641
0.26788990825688086,0.44147549606962333,2.5236154353898952e-05,0.9998854932373433,0.26788990825688086,0.4341498100248653,1.9230237636052065e-05,0.5717568408554143
0.2660550458715596,0.4421151770431858,2.5272724299769122e-05,0.9998853456190773,0.2660550458715596,0.4344473557369429,1.92461663406521e-05,0.5716751684835799
0.26422018348623855,0.4427565728535841,2.5309400382107176e-05,0.9998848779955551,0.26422018348623855,0.43474705257714075,1.9262129140992225e-05,0.5715954476695515
0.2623853211009175,0.44339968291802323,2.5346183051563322e-05,0.999884072669829,0.2623853211009175,0.43504752629733123,1.9278126164169675e-05,0.5715158648899887
0.26055045871559646,0.4440445065205418,2.5383072760700193e-05,0.9998829116807428,0.26055045871559646,0.4353488052352773,1.9294157538884856e-05,0.5714364536092944
0.2587155963302754,0.44469104280938304,2.542006996399284e-05,0.999881376799749,0.2587155963302754,0.4356509174779782,1.9310223395441363e-05,0.5713572468048369
0.25688073394495414,0.4453392908002164,2.545717511782875e-05,0.9998794495409129,0.25688073394495414,0.43595389085778374,1.9326323865745963e-05,0.5712782769633122
0.2550458715596331,0.445989249374114,2.54943886805078e-05,0.9998771111590941,0.2550458715596331,0.4362577529516153,1.9342459083308602e-05,0.5711995760811988
0.25321100917431205,0.4466409172795719,2.5531711112242316e-05,0.9998743426572219,0.25321100917431205,0.43656253108713383,1.9358629183242412e-05,0.5711211756743069
0.2513761467889908,0.44729429313027796,2.5569142875157044e-05,0.999871124784022,0.2513761467889908,0.43686825233676124,1.9374834302263703e-05,0.5710431067714126
0.24954128440366974,0.44794937540530366,2.560668443328913e-05,0.9998674380371995,0.24954128440366974,0.43717494351898395,1.939107457869196e-05,0.5709653999174407
0.2477064220183487,0.44860616245215584,2.564433625258816e-05,0.9998632626729886,0.2477064220183487,0.4374826312014032,1.9407350152449857e-05,0.5708880851789218
0.24587155963302765,0.4492646524835205,2.568209880091614e-05,0.9998585787016054,0.24587155963302765,0.437791341697175,1.942366116506324e-05,0.570811192140809
0.2440366972477066,0.4499248435760242,2.571997254804749e-05,0.9998533658872475,0.2440366972477066,0.4381011010645718,1.9440007759661132e-05,0.5707347499073876
0.24220183486238533,0.45058685472268406,2.575795796566906e-05,0.9998478723650805,0.24220183486238533,0.4384119351117826,1.945639008097575e-05,0.5706587871100055
0.2403669724770643,0.4512528978484745,2.5796055547879706e-05,0.999846981286737,0.2403669724770643,0.43872386939264446,1.9472808275342476e-05,0.5705833319029807
0.23853211009174324,0.45192365005017077,2.583426614568296e-05,0.9998521373995573,0.23853211009174324,0.43903692920515286,1.948926249069988e-05,0.5705084119631465
0.23669724770642198,0.4525968543455559,2.5872590372061627e-05,0.9998583041219717,0.23669724770642198,0.43935113959801847,1.950575287658971e-05,0.5704340544998558
0.23486238532110093,0.453271693597664,2.5911028702039253e-05,0.9998636560508203,0.23486238532110093,0.43966652536393613,1.952227958415689e-05,0.5703602862477055
0.23302752293577988,0.45394819492140764,2.5949581615076147e-05,0.9998682379855381,0.23302752293577988,0.43998311104474847,1.953884276614953e-05,0.5702871334747215
0.23119266055045884,0.45462638512032916,2.5988249595069357e-05,0.9998720936246173,0.23119266055045884,0.44030092092680184,1.9555442576918915e-05,0.5702146219778115
0.2293577981651378,0.45530629068867334,2.6027033130352682e-05,0.9998752655765202,0.2293577981651378,0.4406199790454166,1.9572079172419517e-05,0.5701427770900409
0.22752293577981653,0.4559879378087095,2.6065932713696678e-05,0.9998777953601348,0.22752293577981653,0.44094030917988264,1.9588752710208978e-05,0.5700716236756307
0.22568807339449548,0.4566713523542576,2.6104948842308637e-05,0.9998797234188714,0.22568807339449548,0.44126193485969284,1.9605463349448124e-05,0.5700011861395069
0.22385321100917444,0.4573565598869669,2.6144082017832605e-05,0.9998810891188441,0.22385321100917444,0.4415848793581254,1.962221125090096e-05,0.5699314884204796
0.22201834862385317,0.4580435856579757,2.6183332746349388e-05,0.9998819307588747,0.22201834862385317,0.4419091656967232,1.963899657693468e-05,0.5698625539985187
0.22018348623853212,0.45873245460937767,2.6222701538376518e-05,0.9998822855800427,0.22018348623853212,0.44223481664344283,1.9655819491519644e-05,0.5697944058938447
0.21834862385321108,0.45942319137110355,2.6262188908868295e-05,0.9998821897652306,0.21834862385321108,0.4425618547132672,1.9672680160229398e-05,0.569727066669202
0.21651376146789003,0.4601158202638429,2.6301795377215765e-05,0.9998816784518567,0.21651376146789003,0.44289030216881947,1.9689578750240668e-05,0.5696605584321333
0.21467889908256899,0.4608103652969628,2.634152146724672e-05,0.9998807857336942,0.21467889908256899,0.4432201810170878,1.970651543033336e-05,0.5695949028322502
0.21284403669724772,0.4615068501701838,2.6381367707225705e-05,0.9998795446708755,0.21284403669724772,0.4435515130139245,1.972349037089056e-05,0.5695301210685102
0.21100917431192667,0.46220529827127854,2.6421334629854e-05,0.9998779872912564,0.21100917431192667,0.44388431966112285,1.9740503743898534e-05,0.5694662338869421
0.20917431192660563,0.4629057326794327,2.6461422772269656e-05,0.9998761446040589,0.20917431192660563,0.4442186222091562,1.9757555722946722e-05,0.5694032615856486
0.20733944954128436,0.4636081761618889,2.650163267604746e-05,0.9998740465989613,0.20733944954128436,0.4445544416510521,1.9774646483227754e-05,0.5693412240084399
0.20550458715596331,0.4643126511762616,2.6541964887198944e-05,0.9998717222574669,0.20550458715596331,0.4448917987304507,1.9791776201537433e-05,0.569280140556657
0.20366972477064227,0.4650191798684323,2.6582419956172397e-05,0.9998691995547233,0.20366972477064227,0.44523071393654234,1.980894505627474e-05,0.5692200301841694
0.20183486238532122,0.46572778407508386,2.662299843785286e-05,0.9998665054713456,0.20183486238532122,0.44557120750503226,1.9826153227441843e-05,0.5691609114001039
0.20000000000000018,0.46643848532159277,2.666370089156211e-05,0.9998636659952354,0.20000000000000018,0.4459132994183947,1.9843400896644084e-05,0.5691028022706632
0.19816513761467913,0.4671513048252117,2.670452788105869e-05,0.9998607061347684,0.19816513761467913,0.4462570094089822,1.9860688247089992e-05,0.5690457204245831
0.1963302752293581,0.4678662634878557,2.6745479974537876e-05,0.9998576499096998,0.1963302752293581,0.44660235694894346,1.9878015463591262e-05,0.5689896830417638
0.1944954128440366,0.4685833819043794,2.6786557744631717e-05,0.9998545203752656,0.1944954128440366,0.44694936126259394,1.989538273256279e-05,0.5689347068705501
0.19266055045871555,0.46930268035983075,2.682776176840897e-05,0.9998513396226372,0.19266055045871555,0.4472980413213303,1.9912790242022625e-05,0.5688808082227297
0.1908256880733945,0.47002417882667996,2.6869092627375178e-05,0.9998481287793766,0.1908256880733945,0.44764841584138093,1.993023818159202e-05,0.5688280029721682
0.18899082568807346,0.470747896967804,2.691055090747262e-05,0.999844908022169,0.18899082568807346,0.448000503285125,1.9947726742495393e-05,0.5687763065579929
0.18715596330275241,0.4714738541349941,2.6952137199080322e-05,0.9998416965800061,0.18715596330275241,0.44835432186349294,1.996525611756035e-05,0.5687257339891403
0.18532110091743137,0.4722020693704582,2.6993852097014066e-05,0.9998385127437359,0.18532110091743137,0.4487098895337153,1.998282650121767e-05,0.5686762998429913
0.18348623853211032,0.472932561404894,2.7035696200526375e-05,0.9998353738683363,0.18348623853211032,0.44906722399885346,2.0000438089501323e-05,0.5686280182662813
0.18165137614678883,0.47366534866028526,2.7077670113306538e-05,0.9998322963851933,0.18165137614678883,0.44942634271164045,2.0018091080048448e-05,0.5685809029814664
0.1798165137614678,0.47440044924603336,2.7119774443480555e-05,0.9998292958002821,0.1798165137614678,0.44978726286682896,2.003578567209936e-05,0.5685349672785378
0.17798165137614674,0.47513788096218706,2.716200980361122e-05,0.9998263867073547,0.17798165137614674,0.45015000141078215,2.0053522066497566e-05,0.5684902240286647
0.1761467889908257,0.4758776612968559,2.7204376810698044e-05,0.9998235827888493,0.1761467889908257,0.45051457503165215,2.007130046568975e-05,0.5684466856732797
0.17431192660550465,0.47661980743097154,2.7246876086177308e-05,0.9998208968322615,0.17431192660550465,0.4508810001704268,2.0089121073725773e-05,0.5684043642395409
0.1724770642201836,0.4773643362309347,2.7289508255922025e-05,0.999818340721049,0.1724770642201836,0.45124929301073413,2.0106984096258673e-05,0.5683632713289626
0.17064220183486256,0.47811126425598044,2.7332273950241976e-05,0.9998159254564598,0.17064220183486256,0.4516194694826827,2.0124889740544674e-05,0.5683234181237822
0.16880733944954152,0.47886060775232636,2.737517380388367e-05,0.9998136611516202,0.16880733944954152,0.4519915452663612,2.0142838215443176e-05,0.5682848153928717
0.16697247706422047,0.4796123826573019,2.7418208456030385e-05,0.9998115570465416,0.16697247706422047,0.45236553578413274,2.0160829731416763e-05,0.5682474734835523
0.16513761467889898,0.4803666045965229,2.746137855030214e-05,0.9998096215085752,0.16513761467889898,0.45274145620955336,2.0178864500531195e-05,0.5682114023343274
0.16330275229357794,0.4811232888867308,2.7504684734755685e-05,0.9998078620446904,0.16330275229357794,0.4531193214611066,2.019694273645541e-05,0.5681766114685161
0.1614678899082569,0.48188245053274054,2.7548127661884547e-05,0.9998062853014744,0.1614678899082569,0.45349914620352544,2.021506465446153e-05,0.5681431099974361
0.15963302752293584,0.4826441042296281,2.7591707988618988e-05,0.9998048970760465,0.15963302752293584,0.4538809448494828,2.023323047142485e-05,0.5681109066240424
0.1577981651376148,0.4834082643616406,2.7635426376326023e-05,0.9998037023201505,0.1577981651376148,0.45426473155692704,2.0251440405823856e-05,0.5680800096411076
0.15596330275229375,0.4841749450021975,2.7679283490809414e-05,0.9998027051465215,0.15596330275229375,0.4546505202325883,2.0269694677740206e-05,0.568050426937134
0.1541284403669727,0.4849441599152147,2.7723280002309674e-05,0.9998019088379806,0.1541284403669727,0.45503832452821696,2.0287993508858743e-05,0.5680221659931703
0.15229357798165122,0.48571592255290813,2.7767416585504076e-05,0.999801315849254,0.15229357798165122,0.45542815784263446,2.0306337122467486e-05,0.5679952338869043
0.15045871559633017,0.48649024605866265,2.7811693919506605e-05,0.9998009278192512,0.15045871559633017,0.45582003332306253,2.032472574345763e-05,0.567969637295846
0.14862385321100913,0.48726714326328335,2.7856112687868035e-05,0.9998007455697007,0.14862385321100913,0.4562139638617115,2.0343159598323555e-05,0.5679453824945995
0.14678899082568808,0.4880466266878677,2.7900673578575868e-05,0.999800769117428,0.14678899082568808,0.45660996209783067,2.036163891516282e-05,0.5679224753589551
0.14495412844036704,0.4888287085442604,2.7945377284054368e-05,0.999800997681632,0.14495412844036704,0.45700804041757376,2.038016392367617e-05,0.5679009213672543
0.143119266055046,0.48961340073306303,2.799022450116454e-05,0.9998014296861584,0.143119266055046,0.457408210956059,2.0398734855167514e-05,0.567880725604482
0.14128440366972495,0.4904007148425165,2.8035215931204136e-05,0.9998020627635924,0.14128440366972495,0.4578104855913737,2.041735194254396e-05,0.5678618927563548
0.1394495412844039,0.4911906621531822,2.808035227990766e-05,0.9998028937711751,0.1394495412844039,0.4582148759495519,2.043601542031578e-05,0.567844427117052
0.13761467889908285,0.4919832536341634,2.8125634257446367e-05,0.9998039187894392,0.13761467889908285,0.4586213934066405,2.0454725524596433e-05,0.567828332593308
0.13577981651376136,0.49277849994287837,2.8171062578428274e-05,0.9998051331281204,0.13577981651376136,0.4590300490819502,2.0473482493102562e-05,0.5678136126975915
0.13394495412844032,0.493576411427747,2.8216637961898107e-05,0.9998065313379811,0.13394495412844032,0.4594408538401,2.0492286565153974e-05,0.5678002705521976
0.13211009174311927,0.49437699812640923,2.826236113133738e-05,0.9998081072135392,0.13211009174311927,0.4598538182989634,2.0511137981673678e-05,0.5677883089006173
0.13027522935779823,0.4951802697652755,2.830823281466434e-05,0.9998098537985243,0.13027522935779823,0.4602689528173796,2.0530036985187843e-05,0.5677777300938942
0.12844036697247718,0.4959862357606519,2.8354253744233985e-05,0.9998117633945185,0.12844036697247718,0.4606862675019848,2.054898381982583e-05,0.5677685361006297
0.12660550458715614,0.4967949052189736,2.8400424656838068e-05,0.9998138275677775,0.12660550458715614,0.4611057722077981,2.056797873132018e-05,0.5677607285092563
0.12477064220183509,0.49760628693545583,2.8446746293705082e-05,0.9998160371528684,0.12477064220183509,0.4615274765380694,2.0587021967006604e-05,0.5677543085294019
0.1229357798165136,0.49842038939477024,2.8493219400500283e-05,0.9998183822604005,0.1229357798165136,0.4619513898370961,2.0606113775824007e-05,0.567749276984614
0.12110091743119256,0.4992372207712759,2.8539844727325648e-05,0.9998208522838468,0.12110091743119256,0.462377521200401,2.0625254408314453e-05,0.5677456343264566
0.11926605504587151,0.500056788928797,2.858662302871993e-05,0.999823435905455,0.11926605504587151,0.46280587947013974,2.0644444116623205e-05,0.567743380630418
0.11743119266055047,0.5008791014215367,2.8633555063658622e-05,0.9998261211044337,0.11743119266055047,0.46323647323604367,2.0663683154498698e-05,0.5677425155986384
0.11559633027522942,0.5017041654915773,2.8680641595553964e-05,0.9998288951583163,0.11559633027522942,0.46366931082968166,2.068297177729255e-05,0.567743038554454
0.11376146788990837,0.50253198807207,2.8727883392254954e-05,0.9998317446556939,0.11376146788990837,0.464104400335043,2.0702310241959556e-05,0.5677449484569479
0.11192660550458733,0.503362575784275,2.8775281226047327e-05,0.9998346554966702,0.11192660550458733,0.4645417495802014,2.072169880705769e-05,0.5677482438923107
0.11009174311926628,0.5041959349396169,2.8822835873653574e-05,0.9998376129033204,0.11009174311926628,0.4649813661404745,2.0741137732748113e-05,0.567752923079297
0.10825688073394524,0.5050320715396927,2.8870548116232933e-05,0.9998406014260581,0.10825688073394524,0.465423257338244,2.0760627280795155e-05,0.5677589838705899
0.10642201834862375,0.5058709912742094,2.8918418739381406e-05,0.9998436049459087,0.10642201834862375,0.46586743024202504,2.0780167714566336e-05,0.5677664237532554
0.1045871559633027,0.5067126995237415,2.89664485331317e-05,0.999846606686333,0.1045871559633027,0.46631389166739523,2.0799759299032342e-05,0.5677752398514713
0.10275229357798166,0.5075572013576672,2.901463829195332e-05,0.9998495892155006,0.10275229357798166,0.46676264817867485,2.081940230076706e-05,0.5677854289301649
0.10091743119266061,0.5084045015346281,2.9062988814752498e-05,0.9998525344535665,0.10091743119266061,0.46721370608237917,2.083909698794753e-05,0.5677969873886468
0.09908256880733957,0.5092546045027608,2.9111500904872213e-05,0.9998554236794917,0.09908256880733957,0.46766707143636416,2.0858843630354e-05,0.5678099112733435
0.09724770642201852,0.5101075144010925,2.9160175370092206e-05,0.9998582375401384,0.09724770642201852,0.4681227500428985,2.087864249936988e-05,0.5678241962709762
0.09541284403669748,0.5109632350563013,2.9209013022628953e-05,0.99986095605027,0.09541284403669748,0.46858074745220135,2.089849386798176e-05,0.5678398377144731
0.09357798165137599,0.5118217699857299,2.9258014679135704e-05,0.9998635586048294,0.09357798165137599,0.4690410689599868,2.0918398010779423e-05,0.5678568305816043
0.09174311926605494,0.5126831223952988,2.9307181160702405e-05,0.9998660239812125,0.09174311926605494,0.4695037196095033,2.0938355203955813e-05,0.5678751694990751
0.0899082568807339,0.5135472951816045,2.9356513292855805e-05,0.9998683303497273,0.0899082568807339,0.4699687041916994,2.0958365725307066e-05,0.5678948487443449
0.08807339449541285,0.5144142909300601,2.9406011905559383e-05,0.9998704552763229,0.08807339449541285,0.47043602724312733,2.09784298542325e-05,0.5679158622447176
0.0862385321100918,0.5152841119148923,2.945567783321336e-05,0.9998723757289554,0.0862385321100918,0.47090569304533914,2.0998547871734604e-05,0.567938203578251
0.08440366972477076,0.5161567601024253,2.9505511914654715e-05,0.9998740680903211,0.08440366972477076,0.4713777056325794,2.101872006041905e-05,0.567961865984671
0.08256880733944971,0.5170322371445216,2.9555514993157176e-05,0.9998755081514901,0.08256880733944971,0.47185206877911856,2.1038946704494695e-05,0.5679868423517291
0.08073394495412867,0.5179105443858536,2.960568791643122e-05,0.9998766711323697,0.08073394495412867,0.47232878600844186,2.1059228089773573e-05,0.5680131252279352
0.07889908256880762,0.5187916828594532,2.965603153662406e-05,0.9998775316794308,0.07889908256880762,0.47280786059378255,2.107956450367089e-05,0.5680407068248314
0.07706422018348613,0.519675653287177,2.9706546710319692e-05,0.9998780638729841,0.07706422018348613,0.4732892955514557,2.1099956235205048e-05,0.5680695790106256
0.07522935779816509,0.5205624560818354,2.975723429853881e-05,0.9998782412376386,0.07522935779816509,0.47377309364590553,2.112040357499761e-05,0.5680997333179221
0.07339449541284404,0.5214520913450763,2.9808095166738893e-05,0.9998780367445761,0.07339449541284404,0.4742592573883262,2.1140906815273328e-05,0.5681311609437216
0.071559633027523,0.5223445588666699,2.985913018481416e-05,0.999877422816553,0.071559633027523,0.47474778903489034,2.116146624986014e-05,0.5681638527489667
0.06972477064220195,0.523239858128309,2.991034022709559e-05,0.9998763713415428,0.06972477064220195,0.47523869059333,2.1182082174189153e-05,0.5681977992680913
0.0678899082568809,0.5241379882995839,2.9961726172350896e-05,0.999874853671372,0.0678899082568809,0.475731963813564,2.1202754885294663e-05,0.568232990699471
0.06605504587155986,0.525038948240361,3.001328890378454e-05,0.9998728406326336,0.06605504587155986,0.47622761019388915,2.122348468181414e-05,0.5682694169145179
0.06422018348623837,0.5259427364998394,3.0065029309037755e-05,0.9998703025312352,0.06422018348623837,0.4767256309788128,2.1244271863988236e-05,0.5683070674567716
0.062385321100917324,0.5268493513160758,3.0116948280188485e-05,0.9998672091578555,0.062385321100917324,0.47722602716068674,2.1265116733660777e-05,0.5683459315455366
0.06055045871559628,0.5277587906169477,3.016904671375145e-05,0.99986352979613,0.06055045871559628,0.47772879947828856,2.1286019594278774e-05,0.5683859980758825
0.05871559633027523,0.5286710520206446,3.0221325510678112e-05,0.9998592332299268,0.05871559633027523,0.4782339484184518,2.1306980750892424e-05,0.5684272556222822
0.05688073394495419,0.5295861328339959,3.0273785576356695e-05,0.9998542877465297,0.05688073394495419,0.4787414742104241,2.1328000510155093e-05,0.5684696924336095
0.05504587155963314,0.5305042303023889,3.032642782061215e-05,0.9998490385569312,0.05504587155963314,0.47925137683475627,2.134907918032333e-05,0.5685132964454169
0.053211009174312096,0.5314267524899315,3.0379253197655684e-05,0.9998461051136474,0.053211009174312096,0.4797636560184241,2.137021707125687e-05,0.5685580552758438
0.05137614678899105,0.5323539325863652,3.0432262908176423e-05,0.9998458739296439,0.05137614678899105,0.4802783112310699,2.139141449441862e-05,0.5686039562228871
0.049541284403670005,0.5332845550515554,3.048545796266481e-05,0.9998460187757701,0.049541284403670005,0.48079534169505933,2.141267176287467e-05,0.568650986278044
0.047706422018348515,0.5342184022732002,3.053883933100708e-05,0.9998460986457758,0.047706422018348515,0.48131474637557925,2.1433989191294295e-05,0.5686991321163077
0.04587155963302747,0.5351554990580165,3.0592407990701635e-05,0.9998461282780227,0.04587155963302747,0.4818365239837712,2.1455367095949935e-05,0.5687483801016242
0.044036697247706424,0.5360958696817442,3.064616492685912e-05,0.9998461210711866,0.044036697247706424,0.48236067298257823,2.1476805794717222e-05,0.5687987162955324
0.04220183486238538,0.5370395378854991,3.070011113220236e-05,0.9998460890883507,0.04220183486238538,0.48288719157640997,2.149830560707497e-05,0.568850126446705
0.04036697247706433,0.5379865268786936,3.0754247607066385e-05,0.9998460430733758,0.04036697247706433,0.4834160777177413,2.151986685410516e-05,0.5689025960004983
0.03853211009174329,0.5389368593378221,3.080857535939842e-05,0.9998459924595409,0.03853211009174329,0.48394732910910643,2.154148985849297e-05,0.5689561101030449
0.03669724770642224,0.5398905574071968,3.08630954047579e-05,0.9998459453818214,0.03669724770642224,0.48448094319580576,2.1563174944526744e-05,0.5690106535944324
0.03486238532110075,0.5408476426977241,3.091780876631646e-05,0.9998459086855291,0.03486238532110075,0.4850169171717433,2.158492243809801e-05,0.5690662110173434
0.03302752293577971,0.5418081362871457,3.097271647485791e-05,0.9998458879376813,0.03302752293577971,0.48555524797792116,2.1606732666701478e-05,0.5691227666170562
0.031192660550458662,0.5427720587220125,3.1027819568778294e-05,0.9998458874415519,0.031192660550458662,0.4860959323016989,2.162860595943503e-05,0.5691803043423533
0.029357798165137616,0.5437394300139883,3.108311909408584e-05,0.9998459102407651,0.029357798165137616,0.48663896657565275,2.165054264699974e-05,0.5692388078459771
0.02752293577981657,0.5447102696442931,3.1138616104400976e-05,0.999845958138394,0.02752293577981657,0.4871843469818718,2.1672543061699856e-05,0.5692982604914505
0.025688073394495525,0.5456845965602486,3.119431166095633e-05,0.9998460317015088,0.025688073394495525,0.48773206944770553,2.16946075374428e-05,0.5693586453498938
0.02385321100917448,0.5466624291767619,3.1250206832596745e-05,0.9998461302748183,0.02385321100917448,0.4882821296484982,2.1716736409739188e-05,0.569419945205027
0.022018348623853434,0.5476437853753329,3.130630269577925e-05,0.9998462519897657,0.022018348623853434,0.48883452300331,2.1738930015702796e-05,0.5694821425499867
0.02018348623853239,0.548628682505796,3.136260033457307e-05,0.9998463937786255,0.02018348623853239,0.489389244682328,2.1761188694050603e-05,0.569545219597785
0.0183486238532109,0.5496171373845822,3.141910084065965e-05,0.9998465513822339,0.0183486238532109,0.4899462895994542,2.1783512785102752e-05,0.5696091582744884
0.016513761467889854,0.5506091662944623,3.1475805313332606e-05,0.9998467193604483,0.016513761467889854,0.49050565241580607,2.1805902630782566e-05,0.5696739402251296
0.014678899082568808,0.5516047849880533,3.153271485949777e-05,0.9998468911094278,0.014678899082568808,0.49106732753931387,2.182835857461655e-05,0.5697395468150717
0.012844036697247763,0.5526040086838221,3.158983059367319e-05,0.9998470588652708,0.012844036697247763,0.49163130912666364,2.1850880961734395e-05,0.5698059591341007
0.011009174311926717,0.5536068520665753,3.1647153637989094e-05,0.9998472137158387,0.011009174311926717,0.4921975910781784,2.1873470138868966e-05,0.5698731579923333
0.009174311926605672,0.5546133292894725,3.170468512218791e-05,0.9998473456153079,0.009174311926605672,0.4927661670444557,2.1896126454356306e-05,0.569941123929766
0.007339449541284626,0.555623453973278,3.1762426183624285e-05,0.999847443393719,0.007339449541284626,0.49333703042005345,2.1918850258135646e-05,0.5700098372108187
0.0055045871559631365,0.556637239204846,3.1820377967265054e-05,0.999847494765163,0.0055045871559631365,0.4939101743465875,2.1941641901749398e-05,0.570079277829791
0.003669724770642091,0.5576546975393937,3.187854162568923e-05,0.9998474863427873,0.003669724770642091,0.4944855917138689,2.196450173834313e-05,0.570149425514046
0.0018348623853210455,0.5586758409997521,3.1936918319088063e-05,0.9998474036483458,0.0018348623853210455,0.49506327515788656,2.198743012266561e-05,0.5702202597235555
0.0,0.5597007430190231,3.199550921526498e-05,0.9998473417772435,0.0,0.4956120327106107,2.2010427411068795e-05,0.5702558786453725
